,,,,,,,,"mechanical
properties",,,,,,,,,,,,,,,,,,,,,,
,,,,,,,,,,,,,,,,,,,,,,,,,,,,,,
,,,,,,,,,L30,L50,L60,L100,L200,N1,N2,N3,N4,N5,,,,,,,,,,,,
,,,,,,,,Ghill,1.5905,1.3835,1.8407,1.7211,1.8091,1.6699,1.6836,1.5815,1.7225,1.7412,,,,,,,,,,,,
,,,,,,,,BHILL,3.9579,3.5053,3.9596,4.0636,3.8134,3.6516,3.6875,3.6366,3.7214,3.2384,,,,,,,,,,,,
,,,,,,,,λ,2.89756666666667,2.58296666666667,2.73246666666667,2.9162,2.60733333333333,2.53833333333333,2.5651,2.58226666666667,2.57306666666667,2.0776,,,,,,,,,,,,
,,,,,,,,μ,1.5905,1.3835,1.8407,1.7211,1.8091,1.6699,1.6836,1.5815,1.7225,1.7412,,,,,,,,,,,,
,,,,,,,,E(GPa),4.20785189985294,3.66793644637545,4.78121808229163,4.5245263148815,4.68623983606681,4.34705470704254,4.38365264669193,4.14380777821364,4.47678641545159,4.42969158898083,,,4.20785189985294,3.66793644637545,4.78121808229163,4.5245263148815,4.68623983606681,4.34705470704254,4.38365264669193,4.14380777821364,4.47678641545159,4.42969158898083
,,,,,,,,G(GPa),1.5905,1.3835,1.8407,1.7211,1.8091,1.6699,1.6836,1.5815,1.7225,1.7412,,,1.5905,1.3835,1.8407,1.7211,1.8091,1.6699,1.6836,1.5815,1.7225,1.7412
,,,,,,,,B(GPa),3.9579,3.5053,3.9596,4.0636,3.8134,3.6516,3.6875,3.6366,3.7214,3.2384,,,3.9579,3.5053,3.9596,4.0636,3.8134,3.6516,3.6875,3.6366,3.7214,3.2384
,,,,,,,,,,,,,,,,,,,,,,,,,,,,,,
,,,,,,,,,,,,,,,,,,,,,,,,,,,,,,
,,,,,,,,L,E,G,B,,N,E,G,B,,,,,,,,,,,,,,
,,,,,,,,30,4.20785189985294,1.5905,3.9579,,1,4.34705470704254,1.6699,3.6516,,,,,,,,,,,,,,
,,,,,,,,50,3.66793644637545,1.3835,3.5053,,2,4.38365264669193,1.6836,3.6875,,,,4.20785189985294,1.5905,3.9579,,,4.48079655989691,1.7207,3.77223333333333,,,
,,,,,,,,60,4.78121808229163,1.8407,3.9596,,3,4.14380777821364,1.5815,3.6366,,,,3.66793644637545,1.3835,3.5053,,,3.7171515562108,1.3897,3.80996666666667,,,
,,,,,,,,100,4.5245263148815,1.7211,4.0636,,4,4.47678641545159,1.7225,3.7214,,,,4.78121808229163,1.8407,3.9596,,,4.91176155199639,1.9122,3.7956,,,
,,,,,,,,200,4.68623983606681,1.8091,3.8134,,5,4.42969158898083,1.7412,3.2384,,,,4.5245263148815,1.7211,4.0636,,,4.78387069908679,1.8491,3.86233333333333,,,
,,,,,,,,,,,,,,,,,,,,4.68623983606681,1.8091,3.8134,,,4.84585238973195,1.8996,3.5974,,,
,,,,,,,,,,,,,,,,,,,,4.34705470704254,1.6699,3.6516,,,4.41864852958629,1.7021,3.64573333333333,,,
,,,,,,,,,,,,,,,,,,,,4.38365264669193,1.6836,3.6875,,,4.24993971765835,1.6037,4.04853333333333,,,
,,,,,,,,,,,,,,,,,,,,4.14380777821364,1.5815,3.6366,,,4.13731849942726,1.5665,3.84283333333333,,,
,,,,,,,,,,,,,,,,,,,,4.47678641545159,1.7225,3.7214,,,4.60399438369429,1.7857,3.63886666666667,,,
,,,,,,,,,,,,,,,,,,,,4.42969158898083,1.7412,3.2384,,,4.42887671648585,1.728,3.3783,,,
,,,,,,,,,,,,,,,,,,,,,,,,,,,,,,
,,,,,,,,,,,,,,,,,,,,,,,,,,,,,,
,,,,,,,,"mechanical
properties",,,,,,,,,,,,,,,,,,,,,,
,,,,,,,,,,,,,,,,,,,,,,,,,,,,,,
,,,,,,,,,L30,L50,L60,L100,L200,N1,N2,N3,N4,N5,,,,,,,,,,,,
,,,,,,,,λ,2.6251,2.8835,2.5208,2.6296,2.331,2.511,2.9794,2.7985,2.4484,2.2263,,,,,,,,,,,,
,,,,,,,,μ,1.7207,1.3897,1.9122,1.8491,1.8996,1.7021,1.6037,1.5665,1.7857,1.728,,,,,,,,,,,,
,,,,,,,,E(GPa),4.48079655989691,3.7171515562108,4.91176155199639,4.78387069908679,4.84585238973195,4.41864852958629,4.24993971765835,4.13731849942726,4.60399438369429,4.42887671648585,,,,,,,,,,,,
,,,,,,,,G(GPa),1.7207,1.3897,1.9122,1.8491,1.8996,1.7021,1.6037,1.5665,1.7857,1.728,,,,,,,,,,,,
,,,,,,,,B(GPa),3.77223333333333,3.80996666666667,3.7956,3.86233333333333,3.5974,3.64573333333333,4.04853333333333,3.84283333333333,3.63886666666667,3.3783,,,,,,,,,,,,
,,,,,,,,,,,,,,,,,,,,,,,,,,,,,,
,,,,,,,,,,,,,,,,,,,,,,,,,,,,,,
,,,,,,,,L,,,,,N,,,,,,,,,,,,,,,,,
,,,,,,,,30,4.48079655989691,1.7207,3.77223333333333,,1,4.41864852958629,1.7021,3.64573333333333,,,,,,,,,,,,,,
,,,,,,,,50,3.7171515562108,1.3897,3.80996666666667,,2,4.24993971765835,1.6037,4.04853333333333,,,,,,,,,,,,,,
,,,,,,,,60,4.91176155199639,1.9122,3.7956,,3,4.13731849942726,1.5665,3.84283333333333,,,,,,,,,,,,,,
,,,,,,,,100,4.78387069908679,1.8491,3.86233333333333,,4,4.60399438369429,1.7857,3.63886666666667,,,,,,,,,,,,,,
,,,,,,,,200,4.84585238973195,1.8996,3.5974,,5,4.42887671648585,1.728,3.3783,,,,,,,,,,,,,,
