The Parameters of PL/Cu-based MOF after MD Simulation,,,,,,,,,,,,,energy of system,,,,,,,,,,,,,,,,,,,,btc,,bbc,,TTCA,,TATB,,total msd,,,,,,,Li+,,,,,,,,,,TFSi-,,,,,,,RDF of Li-X,,,,,,,,,,,,,,,,,,,,,total,,,静电,,,vdW,,,Eint,,
type of PL with Cu-X,a=b=c (Å),C,H,Li,N,O,F,S,Cu,Molecular weight (g/mol),density ( g/cm^3),,PL only,,,,PL-CuBTC,,,PL-CuBBC,,,PL-CuTTCA,,,PL-CuTATB,,,,PL,Li,TFSi,Li,TFSi,Li,TFSi,Li,TFSi,Li,TFSi,PL,btc,bbc,TTCA,TATB,,system,slope(A^2/ps),D(10^-12*m^2/s),R^2,n_Li,cell,volume,ci,q^2,kB*T,sigmai(s/cm),slope(A^2/ps),D(10^-12*m^2/s),R^2,t_Li,,,,PL only,O(PEO),O(tfsi-),Cubtc,O(PEO),O(tfsi-),Cu-BBC,O(PEO),O(tfsi-),TTCA,O(PEO),O(tfsi-),Cu-tatb,O(PEO),,O(tfsi-),,,,,type of PL with Cu-X,system,PEO+Cu-based,LFTSI+Cu-based,system,PEO+Cu-based,LFTSI+Cu-based,system,PEO+Cu-based,LFTSI+Cu-based,total,静电,vdW
PL only,32.41,1020,2010,10,10,545,60,20,/,24987.3,1.218,,Time,electrostatic,potential,vdW,electrostatic,potential,vdW,electrostatic,potential,vdW,electrostatic,potential,vdW,electrostatic,potential,vdW,,Time,MSD,MSD,MSD,MSD,MSD,MSD,MSD,MSD,MSD,MSD,MSD,MSD,MSD,MSD,MSD,,PL only,0.004269,7.115,0.9772,10,32.41,3.4043726521e-26,2.93739875798599e+26,2.567e-38,4.114188e-21,0.000130400587145268,0.009471,15.785,0.9949,0.310698689956332,200-350ps,,,r,g(r),g(r),r,g(r),g(r),r,g(r),g(r),r,g(r),g(r),r,g(r),r,g(r),,,,,PL only,-181.396111,1498.467638,-446.915256,1051.203,2464.906,-444.731,-1728.779,-1481.863,9.907,-1232.948493,-968.972,-256.823
BTC (HKUST1),33.04,1092,2050,10,10,593,60,20,4,26914.6,1.238,,0,1088.228,415.19309107,-1447.619,-5575.876,-5815.297,-950.75904386,-4455.672,-2091.835,-907.24122331,-4578.813,-2401.818,-960.86761061,-4305.386,-3518.43,-955.85550957,,0,0,0,0,0,0,0,0,0,0,0,0,0,0,0,0,,PL/Cu-BTC,0.01136,18.9333333333333,0.9936,10,33.04,3.6067838464e-26,2.77255317364837e+26,2.567e-38,4.114188e-21,0.000327528201608438,0.0206,34.3333333333333,0.9984,0.355444305381727,,,,0.025,0,0,0.025,0,0,0.025,0,0,0.025,0,0,0.025,0,0.02,0,,,,,BTC (HKUST1),-6193.991465,-4634.222157,-6221.607624,-5724.365,-4384.3,-6940.007,-1208.245,-994.518,575.248,4661.838316,5599.942,-788.975
BBC (MOF399),33.73,1236,2130,10,10,593,60,20,4,28724.8,1.242,,5,1087.875,279.86824717,-1476.804,-5608.742,-5917.784,-1015.341,-4455.549,-2214.849,-1017.156,-4634.133,-2540.629,-1014.768,-4315.626,-3637.1,-1027.598,,5,0.45417632,0.75473519,0.45411484,0.75763596,0.48959312,0.91536551,0.45520265,0.83571199,0.41430606,0.70207626,1.56696188,1.51642349,1.35376042,1.24744805,1.34061834,,PL/Cu-BBC,0.00522,8.7,0.9916,10,33.73,3.8375056117e-26,2.6058593815502e+26,2.567e-38,4.114188e-21,0.000141452935505676,0.00568,9.46666666666667,0.9865,0.478899082568807,,,,0.075,0,0,0.075,0,0,0.075,0,0,0.075,0,0,0.075,0,0.06,0,,,,,BBC (MOF399),-2741.420121,-911.188109,-2656.677834,-4587.016,-2952.368,-5939.892,-1278.305,-1099.431,610.615,826.445822,4305.244,-789.489
TTCA (PCN-20),33.35,1188,2082,10,10,593,60,20,4,28099.9,1.258,,10,1090.92,213.21361284,-1509.732,-5610.528,-5971.672,-1044.173,-4476.844,-2242.812,-1053.101,-4646.922,-2589.372,-1049.831,-4308.387,-3663.216,-1066.855,,10,0.5545327,0.90244363,0.50698655,0.86149588,0.57436062,1.10762959,0.5368407,0.96146356,0.45189406,0.79719624,2.00802834,1.91415585,1.68639513,1.53368249,1.64492779,,PL/Cu-TTCA,0.009534,15.89,0.9957,10,33.35,3.7092620375e-26,2.69595404662753e+26,2.567e-38,4.114188e-21,0.00026728717321362,0.01268,21.1333333333333,0.9934,0.429188799855947,,,,0.125,0,0,0.125,0,0,0.125,0,0,0.125,0,0,0.125,0,0.1,0,,,,,TTCA (PCN-20),-2899.874506,-1017.909687,-2577.630055,-4647.326,-2954.832,-5740.064,-1284.928,-1094.733,604.947,695.665236,4047.57,-795.142
TATB (PCN-6'),33.57,1212,2106,10,34,593,60,20,4,28748.5,1.261,,15,1086.879,133.43209237,-1532.491,-5632.918,-5985.486,-1038.116,-4509.332,-2285.585,-1076.091,-4654.479,-2607.545,-1067.178,-4322.275,-3708.691,-1097.839,,15,0.59017899,0.99550963,0.59090245,0.96212472,0.65477686,1.20820666,0.54902626,1.0450912,0.49290761,0.86250719,2.35809411,2.21791518,1.90824865,1.75245446,1.9012365,,PL/Cu-TATB,0.002544,4.24,0.9643,10,33.57,3.7831540293e-26,2.64329708030691e+26,2.567e-38,4.114188e-21,6.99283962857963e-05,0.003848,6.41333333333333,0.9722,0.397997496871089,,,,0.175,0,0,0.175,0,0,0.175,0,0,0.175,0,0,0.175,0,0.14,0,,,,,TATB (PCN-6'),-4209.084535,-2514.436621,-3978.552057,-4475.757,-2974.301,-5738.072,-1281.779,-1098.327,650.224,2283.904143,4236.616,-833.676
,,,,,,,,,,,,,20,1086.06,101.89215623,-1549.743,-5632.185,-6005.018,-1063.538,-4515.436,-2309.074,-1088.304,-4663.866,-2638.006,-1076.036,-4329.166,-3746.608,-1114.641,,20,0.67288102,1.08663979,0.60819658,1.04520605,0.69272578,1.2823304,0.5900786,1.14680013,0.50201688,0.90087606,2.65197825,2.46733395,2.10163554,1.93786234,2.10709277,,,,,,,,,,,,,,,,,,,,0.225,0,0,0.225,0,0,0.225,0,0,0.225,0,0,0.225,0,0.18,0,,,,,,,,,,,,,,,,,
,,,,,,,,,,,,,25,1079.895,93.64364455,-1557.452,-5638.063,-6014.053,-1075.856,-4519.12,-2334.417,-1114.592,-4659.605,-2654.346,-1087.263,-4340.459,-3782.645,-1126.118,,25,0.72105627,1.17022367,0.64478864,1.08087852,0.7374958,1.36539529,0.62916278,1.23671026,0.5689344,0.97953551,2.92382646,2.6809646,2.28471252,2.11185669,2.31002106,,,,,,,,,,,,,,,,,,,,0.275,0,0,0.275,0,0,0.275,0,0,0.275,0,0,0.275,0,0.22,0,,,,,PL only,,,,,,,,,,1232.948493,968.972,256.823
,,,,,,,,,,,,,30,1077.839,87.12278739,-1564.137,-5643.97,-6030.861,-1079.212,-4521.733,-2342.403,-1130.615,-4661.406,-2664.391,-1092.545,-4350.533,-3790.165,-1129.789,,30,0.76597558,1.22125608,0.68876281,1.15777189,0.75247055,1.3847876,0.69059596,1.33961282,0.56794276,0.99658743,3.16562373,2.87083834,2.42633934,2.26930166,2.46824856,,,,,,,,,,,,,,,,,,,,0.325,0,0,0.325,0,0,0.325,0,0,0.325,0,0,0.325,0,0.26,0,,,,,BTC (HKUST1),,,,,,,,,,4661.838316,5599.942,788.975
,,,,,,,,,,,,,35,1073.26,74.73282603,-1572.855,-5646.549,-6033.418,-1087.934,-4521.206,-2359.449,-1147.345,-4664.321,-2674.671,-1103.082,-4358.771,-3808.231,-1140.547,,35,0.83499122,1.30924956,0.72338691,1.22987771,0.77134367,1.38282114,0.69791075,1.41346006,0.60632382,1.03146747,3.40913211,3.06092183,2.55043281,2.40659908,2.61171379,,,,,,,,,,,,,,,,,,,,0.375,0,0,0.375,0,0,0.375,0,0,0.375,0,0,0.375,0,0.3,0,,,,,BBC (MOF399),,,,,,,,,,826.445822,4305.244,789.489
,,,,,,,,,,,,,40,1074.775,60.19035989,-1580.558,-5650.176,-6041.243,-1092.189,-4528.437,-2391.891,-1158.853,-4663.21,-2683.022,-1112.004,-4363.809,-3830.062,-1150.476,,40,0.88996991,1.39356584,0.7458019,1.29646377,0.82097373,1.46579103,0.72375169,1.50403637,0.63697033,1.06632031,3.62493189,3.21203603,2.69946842,2.56170478,2.75336043,,,,,,,,,,,,0.130400587145268,,,,,,,,0.425,0,0,0.425,0,0,0.425,0,0,0.425,0,0,0.425,0,0.34,0,,,,,TTCA (PCN-20),,,,,,,,,,695.665236,4047.57,795.142
,,,,,,,,,,,,,45,1079.128,63.38206821,-1586.357,-5650.754,-6048.223,-1097.942,-4528.225,-2410.135,-1167.428,-4665.398,-2691.92,-1119.713,-4367.13,-3839.962,-1160.877,,45,0.92830918,1.43195203,0.77962535,1.35305341,0.82271008,1.51846498,0.76996558,1.56672894,0.65685038,1.11440185,3.81307154,3.39122018,2.80934009,2.7087398,2.87701476,,system,D_Li(10-12m2/s),σ_Li+ (S/cm),D_TFSi-(10-12m2/s),T_Li+,,,,,,0.327528201608438,,,,,,,,0.475,0,0,0.475,0,0,0.475,0,0,0.475,0,0,0.475,0,0.38,0,,,,,TATB (PCN-6'),,,,,,,,,,2283.904143,4236.616,833.676
,,,,,,,,,,,,,50,1078.809,54.75922564,-1591.504,-5654.434,-6047.575,-1099.936,-4532.448,-2415.71,-1176.952,-4665.83,-2695.781,-1127.338,-4371.379,-3851.242,-1165.887,,50,1.00760752,1.52702977,0.81435446,1.41129061,0.84822645,1.5782675,0.78556746,1.63626733,0.66367929,1.12269282,4.0160331,3.55111382,2.95010274,2.84434879,3.00022683,,PL only,7.115,0.000130401,15.785,0.310699,,,,,,0.141452935505676,,,,,,,,0.525,0,0,0.525,0,0,0.525,0,0,0.525,0,0,0.525,0,0.42,0,,,,,,,,,,,,,,,,,
,,,,,,,,,,,,,55,1078.14,42.35460934,-1599.426,-5653.766,-6053.305,-1104.235,-4536.892,-2433.98,-1184.487,-4668.325,-2703.431,-1130.863,-4373.735,-3866.318,-1172.757,,55,1.05851556,1.58286268,0.87629144,1.47079666,0.87511423,1.62275218,0.83169006,1.73798822,0.66987242,1.15422475,4.18651438,3.70519748,3.0685361,2.98602685,3.11407726,,PL/Cu-BTC,18.93333333,0.000327528,34.33333,0.355444,,,,,,0.26728717321362,,,,,,,,0.575,0,0,0.575,0,0,0.575,0,0,0.575,0,0,0.575,0,0.46,0,,,,,,,,,,,,,,,,,
,,,,,,,,,,,,,60,1075.473,26.49889554,-1603.833,-5654.663,-6054.979,-1105.966,-4538.481,-2446.677,-1192.561,-4668.006,-2707.478,-1137.232,-4379.472,-3877.383,-1178.455,,60,1.11093633,1.65607886,0.90702206,1.53170612,0.89593767,1.64542039,0.85271646,1.80011454,0.70343963,1.2108712,4.35098452,3.84864278,3.17019082,3.11599219,3.2197238,,PL/Cu-BBC,8.7,0.000141453,9.466667,0.478899,,,,,,0.0699283962857963,,,,,,,,0.625,0,0,0.625,0,0,0.625,0,0,0.625,0,0,0.625,0,0.5,0,,,,,,,,,,,,,,,,,
,,,,,,,,,,,,,65,1075.58,21.08223046,-1612.176,-5657.41,-6063.724,-1108.77,-4540.323,-2455.799,-1198.394,-4668.568,-2714.623,-1143.273,-4383.098,-3885.97,-1181.857,,65,1.19889093,1.70617906,0.96512556,1.61728547,0.9118268,1.66904718,0.88342687,1.8690386,0.73008113,1.23446512,4.52047596,4.01421662,3.2846457,3.23654326,3.32092301,,PL/Cu-TTCA,15.89,0.000267287,21.13333,0.429189,,,,,,0,,,,,,,,0.675,0,0,0.675,0,0,0.675,0,0,0.675,0,0,0.675,0,0.54,0,,,,,,,,,,,,,,,,,
,,,,,,,,,,,,,70,1073.848,17.33797711,-1616.038,-5660.317,-6063.831,-1110.631,-4540.12,-2460.386,-1202.292,-4668.716,-2722.494,-1146.104,-4384.779,-3895.569,-1185.464,,70,1.22490459,1.76168922,0.99708621,1.67862602,0.93486289,1.71478034,0.91954272,1.96545289,0.7268944,1.23015903,4.68680492,4.14843466,3.38530164,3.34726885,3.410512,,PL/Cu-TATB,4.24,6.99284e-05,6.413333,0.397997,,,,,,0,,,,,,,,0.725,0,0,0.725,0,0,0.725,0,0,0.725,0,0,0.725,0,0.58,0,,,,,,,,,,,,,,,,,
,,,,,,,,,,,,,75,1073.032,14.88607874,-1621.465,-5660.164,-6063.609,-1115.056,-4540.872,-2466.807,-1207.111,-4669.207,-2727.883,-1150.612,-4388.182,-3904.046,-1188.98,,75,1.25498947,1.82603066,1.01321374,1.71863045,0.95788409,1.78722991,0.96029081,2.07170556,0.7530606,1.25458891,4.83918321,4.26351805,3.49335611,3.47655605,3.52422235,,,,,,,,,,,,0,,,,,,,,0.775,0,0,0.775,0,0,0.775,0,0,0.775,0,0,0.775,0,0.62,0,,,,,,,,,,,,,,,,,
,,,,,,,,,,,,,80,1072.819,9.67857306,-1623.599,-5660.513,-6063.076,-1115.305,-4545.984,-2477.029,-1207.749,-4668.23,-2731.364,-1154.493,-4391.475,-3914.016,-1191.8,,80,1.30545611,1.8685128,1.04233493,1.76009528,1.0011184,1.85810243,0.99534394,2.12590932,0.74883487,1.27532115,4.99079365,4.38582305,3.59481057,3.58844131,3.6117848,,,,,,,,,,,,,,,,,,,,0.825,0,0,0.825,0,0,0.825,0,0,0.825,0,0,0.825,0,0.66,0,,,,,,,,,,,,,,,,,
,,,,,,,,,,,,,85,1072.443,5.06761566,-1627.135,-5660.689,-6068.59,-1118.224,-4545.695,-2481.572,-1212.225,-4666.861,-2741.15,-1158.864,-4394.134,-3918.749,-1192.074,,85,1.34024642,1.90036805,1.07015997,1.84192691,1.00205527,1.86644357,1.03709362,2.20721281,0.77397244,1.32201123,5.13765963,4.50988451,3.69476205,3.72010552,3.70812403,,,,,,,,,,,,,,,,,,,,0.875,0,0,0.875,0,0,0.875,0,0,0.875,0,0,0.875,0,0.7,0,,,,,,,,,,,,,,,,,
,,,,,,,,,,,,,90,1072.352,3.98988814,-1632.339,-5662.511,-6071.476,-1120.962,-4547.174,-2489.783,-1214.378,-4668.388,-2746.531,-1163.295,-4392.757,-3921.291,-1194.783,,90,1.39846556,1.96409289,1.11835428,1.88775423,1.01162904,1.91904011,1.09168319,2.3069434,0.7683776,1.28879014,5.26432361,4.64020347,3.77926119,3.83944726,3.79644502,,,,,,,,,,,,,,,,,,,,0.925,0,0,0.925,0,0,0.925,0,0,0.925,0,0,0.925,0,0.74,0,,,,,,,,,,,,,,,,,
,,,,,,,,,,,,,95,1072.52,1.70390085,-1633.746,-5663.76,-6076.489,-1123.07,-4549.159,-2497.096,-1218.792,-4670.033,-2752.284,-1163.449,-4392.54,-3928.31,-1198.583,,95,1.43701888,2.01880927,1.14065788,1.95083444,1.01328701,1.94612351,1.14575696,2.39374858,0.79437845,1.29680325,5.40088979,4.75254098,3.87059193,3.95963437,3.87863199,,,,,,,,,,,,,,,,,,,,0.975,0,0,0.975,0,0,0.975,0,0,0.975,0,0,0.975,0,0.78,0,,,,,,,,,,,,,,,,,
,,,,,,,,,,,,,100,1072.208,-4.48620601,-1634.25,-5664.492,-6077.856,-1123.119,-4550.554,-2503.99,-1223.137,-4670.388,-2756.585,-1167.1,-4392.364,-3929.493,-1201.026,,100,1.48149849,2.05312036,1.18837038,2.02537332,1.06036117,1.95259636,1.16976342,2.47153315,0.78543774,1.32977016,5.53586706,4.87056681,3.95508233,4.07237977,3.9725782,,,,,,,,,,,,,,,,,,,,1.025,0,0,1.025,0,0,1.025,0,0,1.025,0,0,1.025,0,0.82,0,,,,,,,,,,,,,,,,,
,,,,,,,,,,,,,105,1071.488,-7.73989001,-1635.625,-5665.865,-6084.149,-1124.015,-4553.145,-2509.619,-1223.701,-4671.708,-2758.232,-1166.938,-4395.245,-3932.644,-1201.72,,105,1.52695761,2.11070259,1.22949232,2.08515953,1.09837708,2.01822776,1.16767739,2.54026706,0.79588379,1.31966185,5.67557116,4.98538078,4.04555016,4.18002717,4.05415753,,,,,,,,,,,,,,,,,,,,1.075,0,0,1.075,0,0,1.075,0,0,1.075,0,0,1.075,0,0.86,0,,,,,,,,,,,,,,,,,
,,,,,,,,,,,,,110,1071.284,-7.13562381,-1636.658,-5667.164,-6089.9,-1125.342,-4551.828,-2518.095,-1227.536,-4672.653,-2761.424,-1167.314,-4396.153,-3935.582,-1204.197,,110,1.563678,2.16304744,1.29215265,2.16385504,1.1107196,2.07076685,1.23755243,2.63621253,0.79429174,1.33449302,5.78923894,5.11158578,4.1252068,4.29169147,4.13797831,,,,,,,,,,,,,,,,,,,,1.125,0,0,1.125,0,0,1.125,0,0,1.125,0,0,1.125,0,0.9,0,,,,,,,,,,,,,,,,,
,,,,,,,,,,,,,115,1071.608,-7.02627792,-1638.503,-5665.478,-6092.331,-1128.987,-4552.198,-2523.399,-1227.718,-4673.655,-2764.742,-1169.397,-4398.746,-3940.436,-1204.895,,115,1.5911655,2.17248929,1.32886797,2.22882688,1.13316875,2.10748204,1.26862295,2.73145095,0.82655009,1.36695299,5.91431174,5.21199915,4.20539154,4.4067489,4.21961654,,,,,,,,,,,,,,,,,,,,1.175,0,0,1.175,0,0,1.175,0,0,1.175,0,0,1.175,0,0.94,0,,,,,,,,,,,,,,,,,
,,,,,,,,,,,,,120,1071.683,-10.61050651,-1640.89,-5663.911,-6093.689,-1130.837,-4553.24,-2528.828,-1228.948,-4674.103,-2770.205,-1173.227,-4399.938,-3943.459,-1208.331,,120,1.63888004,2.24532989,1.38376906,2.25638785,1.14311232,2.12422634,1.29635367,2.79507822,0.83132228,1.39799999,6.02308343,5.3041006,4.29981634,4.50732775,4.30133105,,,,,,,,,,,,,,,,,,,,1.225,0,0,1.225,0,0,1.225,0,0,1.225,0,0,1.225,0,0.98,0,,,,,,,,,,,,,,,,,
,,,,,,,,,,,,,125,1070.378,-13.90338882,-1643.371,-5663.962,-6097.228,-1132.597,-4553.543,-2534.109,-1230.616,-4674.316,-2774.522,-1174.611,-4401.862,-3946.198,-1210.785,,125,1.67924316,2.30379489,1.38398166,2.35316029,1.18105242,2.15535741,1.31762978,2.83229827,0.82978952,1.39568674,6.12489444,5.4103299,4.37549983,4.61423179,4.36198386,,,,,,,,,,,,,,,,,,,,1.275,0,0,1.275,0,0,1.275,0,0,1.275,0,0,1.275,0,1.02,0,,,,,,,,,,,,,,,,,
,,,,,,,,,,,,,130,1069.486,-17.17418509,-1645.381,-5664.68,-6100.423,-1134.016,-4554.095,-2537.806,-1233.209,-4675.374,-2778.404,-1176.824,-4402.891,-3948.707,-1213.946,,130,1.69389659,2.36555239,1.41290297,2.38603781,1.18081938,2.22498984,1.34988622,2.90127079,0.83108472,1.39166672,6.24603973,5.51025344,4.4692484,4.69363329,4.43539598,,,,,,,,,,,,,,,,,,,,1.325,0,0,1.325,0,0,1.325,0,0,1.325,0,0,1.325,0,1.06,0,,,,,,,,,,,,,,,,,
,,,,,,,,,,,,,135,1067.405,-21.1082811,-1646.778,-5664.839,-6102.381,-1134.158,-4556.523,-2541.265,-1233.992,-4676.836,-2783.79,-1177.655,-4404.839,-3949.897,-1214.921,,135,1.74068137,2.41979492,1.42155372,2.41651809,1.17551527,2.21021496,1.40211196,2.94583219,0.84213289,1.38600084,6.36565843,5.59170364,4.53263495,4.79208523,4.48205,,,,,,,,,,,,,,,,,,,,1.375,0,0,1.375,0,0,1.375,0,0,1.375,0,0,1.375,0,1.1,0,,,,,,,,,,,,,,,,,
,,,,,,,,,,,,,140,1066.305,-23.22111602,-1647.029,-5663.332,-6104.651,-1136.977,-4556.762,-2543.955,-1236.174,-4676.258,-2783.292,-1179.683,-4405.517,-3954.234,-1216.772,,140,1.76592499,2.45802976,1.4561411,2.50767534,1.17485183,2.27010536,1.40747576,2.97630281,0.83604671,1.42516678,6.45996492,5.6938494,4.60486556,4.88729053,4.54165905,,,,,,,,,,,,,,,,,,,,1.425,0,0,1.425,0,0,1.425,0,0,1.425,0,0,1.425,0,1.14,0,,,,,,,,,,,,,,,,,
,,,,,,,,,,,,,145,1065.309,-26.10640065,-1648.374,-5665.297,-6105.259,-1136.406,-4557.74,-2547.621,-1238.581,-4673.758,-2783.985,-1182.116,-4405.918,-3957.262,-1218.749,,145,1.78555366,2.49791951,1.51688022,2.59323143,1.22722291,2.33161156,1.41055357,2.9996757,0.84081743,1.41891004,6.55052566,5.80231718,4.67477852,4.96741999,4.6125239,,,,,,,,,,,,,,,,,,,,1.475,0,0,1.475,0,0,1.475,0,0,1.475,0,0,1.475,0,1.18,0,,,,,,,,,,,,,,,,,
,,,,,,,,,,,,,150,1064.057,-26.75845956,-1649.921,-5665.341,-6108.016,-1137.15,-4558.762,-2552.38,-1241.194,-4672.832,-2784.82,-1185.008,-4407.01,-3960.166,-1219.974,,150,1.80745986,2.54067342,1.57435157,2.68010887,1.22031162,2.32524358,1.464674,3.02962011,0.8327277,1.427009,6.63468912,5.92519898,4.74110175,5.07513997,4.67400798,,,,,,,,,,,,,,,,,,,,1.525,0,0,1.525,0,0,1.525,0,0,1.525,0,0,1.525,0,1.22,0,,,,,,,,,,,,,,,,,
,,,,,,,,,,,,,155,1062.747,-28.9435059,-1651.643,-5664.778,-6107.247,-1139.281,-4558.858,-2555.344,-1243.519,-4674.243,-2788.088,-1186.799,-4407.758,-3963.541,-1221.982,,155,1.83577242,2.57390763,1.62462275,2.74923256,1.24070248,2.32969965,1.51009165,3.08321857,0.875028,1.44660684,6.73295829,6.04800705,4.80587404,5.17821121,4.73481298,,,,,,,,,,,,,,,,,,,,1.575,0,0,1.575,0,0,1.575,0,0,1.575,0,0,1.575,0,1.26,0,,,,,,,,,,,,,,,,,
,,,,,,,,,,,,,160,1061.223,-31.22289125,-1653.079,-5664.281,-6109.835,-1142.661,-4559.651,-2558.572,-1245.176,-4674.509,-2792.773,-1188.069,-4408.335,-3967.457,-1223.894,,160,1.83774171,2.57814961,1.66032172,2.77761412,1.27027103,2.37682196,1.56501082,3.13769765,0.85869417,1.46436426,6.81174036,6.15647897,4.88058247,5.26370788,4.79900988,,,,,,,,,,,,,,,,,,,,1.625,0,0,1.625,0,0,1.625,0,0,1.625,0,0,1.625,0,1.3,0,,,,,,,,,,,,,,,,,
,,,,,,,,,,,,,165,1061.176,-34.39615564,-1653.375,-5662.817,-6109.821,-1144.103,-4559.614,-2562.109,-1247.629,-4675.155,-2793.931,-1189.421,-4409.331,-3971.788,-1226.101,,165,1.86181858,2.61241068,1.68480038,2.85504971,1.28115695,2.38132222,1.56560386,3.18848613,0.86554706,1.44607245,6.89370814,6.2541365,4.93776265,5.35895737,4.87347106,,,,,,,,,,,,,,,,,,,,1.675,0.07650637,0,1.675,0.04097448,0,1.675,0,0,1.675,0.04189412,0,1.675,0.04277141,1.34,0,,,,,,,,,,,,,,,,,
,,,,,,,,,,,,,170,1060.419,-37.18437518,-1655.201,-5662.504,-6111.542,-1145.312,-4558.74,-2565.889,-1249.784,-4675.472,-2793.97,-1190.763,-4410.105,-3976.56,-1227.671,,170,1.89741727,2.68238634,1.73894112,2.93944557,1.29004977,2.3710931,1.57918941,3.21774428,0.89358799,1.45425081,6.97040441,6.38345095,5.01085957,5.45896773,4.945387,,,,,,,,,,,,,,,,,,,,1.725,1.082037,0,1.725,0.65677351,2.43875459,1.725,0.60988678,1.02664275,1.725,0.35550753,1.49609421,1.725,0.72590426,1.38,0,,,,,,,,,,,,,,,,,
,,,,,,,,,,,,,175,1059.206,-40.09446778,-1656.48,-5663.608,-6112.289,-1145.865,-4558.665,-2565.182,-1251.126,-4676.456,-2797.143,-1191.094,-4410.155,-3978.394,-1229.195,,175,1.88690927,2.73936129,1.74461471,2.97043415,1.33287773,2.42578244,1.65991919,3.30486806,0.91726021,1.46794588,7.02564141,6.4846463,5.10043246,5.57748649,5.03107156,,,,,,,,,,,,,,,,,,,,1.775,3.67898304,13.76212175,1.775,2.59064694,13.81982434,1.775,2.76486309,13.08989867,1.775,1.71611862,11.77499872,1.775,1.9805844,1.42,0,,,,,,,,,,,,,,,,,
,,,,,,,,,,,,,180,1059.116,-41.4304514,-1658.162,-5665.231,-6114.153,-1146.138,-4558.679,-2565.685,-1252.581,-4676.165,-2800.205,-1193.225,-4411.264,-3980.136,-1229.271,,180,1.92405967,2.79693054,1.80380611,3.0937042,1.33170341,2.46410762,1.6742088,3.3118901,0.87955672,1.50404564,7.09378622,6.59431866,5.16536877,5.65177886,5.09012381,,,,,,,,,,,,,,,,,,,,1.825,8.12039398,32.95284877,1.825,7.28290871,54.90657357,1.825,4.57703473,43.1094918,1.825,5.5759528,28.51499914,1.825,4.68388143,1.46,0,,,,,,,,,,,,,,,,,
,,,,,,,,,,,,,185,1059.365,-44.74867375,-1659.575,-5665.295,-6115.919,-1146.939,-4557.324,-2567.8,-1253.206,-4676.508,-2804.085,-1195.309,-4412.25,-3983.274,-1229.841,,185,1.9617468,2.85903278,1.86379903,3.20350605,1.35199564,2.51940268,1.71202672,3.38287624,0.90948721,1.52381798,7.14962871,6.71409605,5.22436516,5.75927032,5.16757889,,,,,,,,,,,,,,,,,,,,1.875,11.26490539,73.6149356,1.875,10.75828218,89.99842597,1.875,8.74121902,76.46845934,1.875,7.95726061,73.44584977,1.875,7.30467564,1.5,0,,,,,,,,,,,,,,,,,
,,,,,,,,,,,,,190,1058.143,-48.95629142,-1660.068,-5665.689,-6116.256,-1146.64,-4557.163,-2570.896,-1254.1,-4677.588,-2804.385,-1196.636,-4412.631,-3987.999,-1232.631,,190,1.93861292,2.86634297,1.90765657,3.28105147,1.37157583,2.54145993,1.73198394,3.40877726,0.9150882,1.53094196,7.19619924,6.81059225,5.28785879,5.85136242,5.23155371,,,,,,,,,,,,,,,,,,,,1.925,12.22238696,89.95184432,1.925,14.64304605,105.75102375,1.925,11.49273374,95.63129861,1.925,10.62609827,84.49730605,1.925,8.387438,1.54,0,,,,,,,,,,,,,,,,,
,,,,,,,,,,,,,195,1058.112,-52.6074623,-1662.011,-5666.328,-6116.92,-1146.992,-4557.775,-2572.72,-1253.888,-4679.144,-2807.126,-1196.62,-4412.124,-3990.927,-1234.774,,195,1.99472498,2.92614519,1.98339655,3.40312517,1.43510276,2.5498276,1.78928556,3.49565545,0.91940047,1.59529852,7.28845547,6.93708726,5.35176879,5.96149021,5.30291145,,,,,,,,,,,,,,,,,,,,1.975,12.90461076,77.11811898,1.975,15.23731553,99.34832878,1.975,10.11176039,76.75322419,1.975,11.54134127,80.2733433,1.975,8.52192713,1.58,0,,,,,,,,,,,,,,,,,
,,,,,,,,,,,,,200,1057.985,-55.74907674,-1662.668,-5665.702,-6115.604,-1148.529,-4556.863,-2574.449,-1255.131,-4680.307,-2807.366,-1197.858,-4413.053,-3991.865,-1234.102,,200,2.0275823,2.98698166,2.0404453,3.51089439,1.43561757,2.5791693,1.83962323,3.55434831,0.91906956,1.62324035,7.34527146,7.04636681,5.41076947,6.06962655,5.36656571,,,,,,,,,,,,,,,,,,,,2.025,11.51622176,72.03527578,2.025,13.03635405,75.39007651,2.025,9.4415745,57.36494131,2.025,11.093121,53.92131072,2.025,7.9014553,1.62,0,,,,,,,,,,,,,,,,,
,,,,,,,,,,,,,205,1057.765,-56.32985006,-1663.028,-5665.03,-6113.654,-1149.107,-4556.086,-2574.743,-1255.187,-4680.639,-2810.94,-1199.532,-4413.252,-3992.785,-1235.408,,205,2.0354154,3.02426876,2.11289196,3.59822519,1.46168891,2.59863478,1.85842676,3.56333593,0.92897285,1.6441485,7.41565459,7.15978246,5.47377578,6.17327756,5.4354793,,,,,,,,,,,,,,,,,,,,2.075,9.44738157,45.31751897,2.075,11.10737483,46.51880722,2.075,8.37385841,32.63837768,2.075,10.40118125,34.12119794,2.075,6.52189923,1.66,0,,,,,,,,,,,,,,,,,
,,,,,,,,,,,,,210,1057.519,-56.41813066,-1663.712,-5665.749,-6114.615,-1149.623,-4555.715,-2575.695,-1255.611,-4681.713,-2814.301,-1201.372,-4413.129,-3995.361,-1237.066,,210,2.08519141,3.09480014,2.16916733,3.69817648,1.46273544,2.59576113,1.91003617,3.63284885,0.95475829,1.67941953,7.5015717,7.28949804,5.54658545,6.29098476,5.51276237,,,,,,,,,,,,,,,,,,,,2.125,7.77211664,21.60505817,2.125,8.75781668,31.82027944,2.125,6.21608071,19.95777207,2.125,8.09538277,22.01826979,2.125,5.26190166,1.7,2.62119273,,,,,,,,,,,,,,,,,
,,,,,,,,,,,,,215,1057.142,-57.07912274,-1663.651,-5666.744,-6116.025,-1149.956,-4555.82,-2577.554,-1256.506,-4682.537,-2815.831,-1202.133,-4413.923,-3998.817,-1238.102,,215,2.11428523,3.14431652,2.1956284,3.79463071,1.48387666,2.63767562,1.97194574,3.68813041,0.95088115,1.6719132,7.55241367,7.40833652,5.62238276,6.37462089,5.59671258,,,,,,,,,,,,,,,,,,,,2.175,5.80806916,21.19604926,2.175,6.46426722,18.71539021,2.175,4.65479227,10.33261582,2.175,5.81424213,15.37109203,2.175,4.08416868,1.74,6.88068863,,,,,,,,,,,,,,,,,
,,,,,,,,,,,,,220,1056.644,-57.12996771,-1664.387,-5667.081,-6116.674,-1150.511,-4555.521,-2582.402,-1258.028,-4684.147,-2817.804,-1202.864,-4413.932,-4002.19,-1240.055,,220,2.13709069,3.17130939,2.2309599,3.90187581,1.50830849,2.69653675,2.00609744,3.7158513,0.94284714,1.67205595,7.63250882,7.50031931,5.69305089,6.48085428,5.66238988,,,,,,,,,,,,,,,,,,,,2.225,4.48767607,9.85337572,2.225,4.94625623,12.89974335,2.225,2.95715187,6.7880077,2.225,4.62989572,6.59463352,2.225,3.36939507,1.78,19.72479515,,,,,,,,,,,,,,,,,
,,,,,,,,,,,,,225,1056.36,-58.99900878,-1665.568,-5667.216,-6118.209,-1151.88,-4555.441,-2584.14,-1258.162,-4684.818,-2817.553,-1203.368,-4414.402,-4004.74,-1240.748,,225,2.16343798,3.20536356,2.28714694,3.99576411,1.54772298,2.72280423,2.04293584,3.77751516,0.98255703,1.69815355,7.69589364,7.60641541,5.75498425,6.5649252,5.74912208,,,,,,,,,,,,,,,,,,,,2.275,3.9815338,10.21045681,2.275,3.42070601,5.60862511,2.275,2.40781717,3.24646222,2.275,3.40663717,5.4477806,2.275,2.52732828,1.82,55.45852556,,,,,,,,,,,,,,,,,
,,,,,,,,,,,,,230,1056.33,-60.28248277,-1667.081,-5668.087,-6118.963,-1153.011,-4556.646,-2585.825,-1258.339,-4684.568,-2818.575,-1204.95,-4413.705,-4005.396,-1242.273,,230,2.20179927,3.28957555,2.30683959,4.07807491,1.55574885,2.72884682,2.10782832,3.82146773,1.0011928,1.72869663,7.79419212,7.71233983,5.81702527,6.65700888,5.80860238,,,,,,,,,,,,,,,,,,,,2.325,3.1569226,3.25867875,2.325,2.63714704,4.2959976,2.325,2.32775492,1.6954561,2.325,2.69633555,2.47073489,2.325,2.17559908,1.86,97.43931416,,,,,,,,,,,,,,,,,
,,,,,,,,,,,,,235,1056.304,-62.20299818,-1668.679,-5668.408,-6120.207,-1153.662,-4556.676,-2589.327,-1260.272,-4684.429,-2819.969,-1205.431,-4413.201,-4007.654,-1243.179,,235,2.22328359,3.3304803,2.37878951,4.19786819,1.5710501,2.76238696,2.16199488,3.868188,1.00949176,1.78470404,7.87223917,7.84867563,5.90945052,6.76159064,5.88638341,,,,,,,,,,,,,,,,,,,,2.375,2.03596342,2.88269587,2.375,1.89546161,1.54388406,2.375,1.63018499,0.54160751,2.375,2.10471361,1.31544601,2.375,1.6169097,1.9,112.79038002,,,,,,,,,,,,,,,,,
,,,,,,,,,,,,,240,1056.042,-62.87639087,-1668.823,-5668.992,-6122.472,-1154.359,-4557.35,-2590.741,-1260.136,-4684.764,-2821.539,-1206.581,-4413.952,-4009.818,-1244.305,,240,2.2455061,3.36749187,2.48616681,4.34210678,1.63207615,2.78861407,2.22075396,3.93703777,1.04538228,1.79001267,7.93311931,7.9727129,5.97053681,6.86676577,5.96262396,,,,,,,,,,,,,,,,,,,,2.425,1.51484669,0.92168383,2.425,1.5444133,1.72769019,2.425,1.17274219,1.55851265,2.425,1.7389828,0.75705717,2.425,1.28563332,1.94,115.73529759,,,,,,,,,,,,,,,,,
,,,,,,,,,,,,,245,1055.864,-63.04320641,-1668.83,-5670.041,-6123.148,-1155.537,-4557.484,-2591.725,-1261.141,-4685.391,-2823.307,-1207.494,-4414.623,-4012.838,-1245.606,,245,2.28071699,3.44124527,2.55400586,4.44278178,1.64102784,2.80303294,2.27265837,4.02313882,1.05446251,1.80299425,8.02728329,8.09224678,6.0288973,6.97208255,6.00849726,,,,,,,,,,,,,,,,,,,,2.475,1.15640037,0.88482149,2.475,1.25743325,0.71082514,2.475,1.06658421,0.74809031,2.475,1.17052195,1.453558,2.475,1.09707999,1.98,110.62344365,,,,,,,,,,,,,,,,,
,,,,,,,,,,,,,250,1054.554,-62.98475038,-1668.975,-5669.895,-6123.266,-1156.223,-4557.27,-2592.429,-1261.592,-4685.264,-2824.051,-1209.153,-4414.459,-4016.222,-1247.392,,250,2.26765865,3.44677705,2.61434878,4.51882672,1.66798412,2.7982696,2.32854992,4.11776473,1.07305816,1.81917177,8.11929508,8.18957203,6.07964221,7.06817456,6.07442687,,,,,,,,,,,,,,,,,,,,2.525,1.16155986,1.06265893,2.525,0.79339788,1.36590657,2.525,0.81601485,0,2.525,1.08775217,0.23276053,2.525,0.58349909,2.02,84.47171277,,,,,,,,,,,,,,,,,
,,,,,,,,,,,,,255,1054.131,-64.0677448,-1669.424,-5670.485,-6124.3,-1156.747,-4557.226,-2594.49,-1262.509,-4684.844,-2826.348,-1211.561,-4415.144,-4018.036,-1248.414,,255,2.27536571,3.45985871,2.67343073,4.60551322,1.7056608,2.85002619,2.35409209,4.20986112,1.07443895,1.83822261,8.21001318,8.30428864,6.15684754,7.1712512,6.13410287,,,,,,,,,,,,,,,,,,,,2.575,0.85790109,0.81743406,2.575,0.72820975,0.43779277,2.575,0.65690256,0,2.575,0.88637357,0.44761865,2.575,0.63345443,2.06,66.49592389,,,,,,,,,,,,,,,,,
,,,,,,,,,,,,,260,1054.674,-65.61905878,-1670.125,-5670.23,-6126.065,-1158,-4556.648,-2594.171,-1262.508,-4685.417,-2828.82,-1212.6,-4415.526,-4019.939,-1248.625,,260,2.33659735,3.53264623,2.72531396,4.70313709,1.73450435,2.89804344,2.3577665,4.23232949,1.05930712,1.86285878,8.30697839,8.42134809,6.23770554,7.25541498,6.18167937,,,,,,,,,,,,,,,,,,,,2.625,1.01244414,0.39329561,2.625,0.63399694,0.42127428,2.625,0.56188158,0,2.625,0.85292955,0.64609414,2.625,0.53989013,2.1,40.36760427,,,,,,,,,,,,,,,,,
,,,,,,,,,,,,,265,1054.316,-65.31989955,-1670.511,-5670.56,-6126.723,-1158.37,-4557.274,-2595.583,-1262.46,-4686.185,-2829.466,-1213.649,-4416.359,-4021.987,-1249.272,,265,2.34576252,3.59729667,2.77119889,4.81043184,1.72382379,2.92915433,2.39851993,4.28445671,1.09864221,1.88835952,8.41610467,8.50513834,6.29938238,7.36600195,6.26312292,,,,,,,,,,,,,,,,,,,,2.675,0.83995742,0,2.675,0.28919288,1.01418337,2.675,0.54107358,0,2.675,0.54208654,0.41477834,2.675,0.65406338,2.14,36.80498608,,,,,,,,,,,,,,,,,
,,,,,,,,,,,,,270,1054.631,-65.2701189,-1671.549,-5670.886,-6126.751,-1159.118,-4557.577,-2597.086,-1262.733,-4686.707,-2830.514,-1214.46,-4416.008,-4023.251,-1249.961,,270,2.36592274,3.63019315,2.82789769,4.96758956,1.77686806,3.01160223,2.48344547,4.36112074,1.09952334,1.89202161,8.52697656,8.58586485,6.39491621,7.47261519,6.32805736,,,,,,,,,,,,,,,,,,,,2.725,0.56370109,0.36496032,2.725,0.63476646,0.39092325,2.725,0.45622533,0,2.725,0.5540357,0.39969718,2.725,0.59795977,2.18,23.113178,,,,,,,,,,,,,,,,,
,,,,,,,,,,,,,275,1054.085,-67.18191203,-1671.989,-5671.263,-6128.135,-1160.089,-4557.892,-2598.885,-1262.909,-4687.486,-2831.175,-1214.651,-4416.457,-4024.988,-1250.17,,275,2.36010293,3.65529205,2.90995345,5.08324497,1.82072351,3.00328793,2.54811539,4.42566109,1.12262752,1.88726597,8.6155835,8.70132632,6.4631969,7.5859537,6.38544317,,,,,,,,,,,,,,,,,,,,2.775,0.57144652,0.17596372,2.775,0.41801861,0.37696321,2.775,0.43993334,0,2.775,0.47319361,0.19271191,2.775,0.37401495,2.22,18.82934548,,,,,,,,,,,,,,,,,
,,,,,,,,,,,,,280,1054.75,-68.92997858,-1673.17,-5671.653,-6128.045,-1161.142,-4558.741,-2598.995,-1262.819,-4687.572,-2833.288,-1214.499,-4416.879,-4025.597,-1250.683,,280,2.40451359,3.76391439,2.94621437,5.15527643,1.85832678,3.02318091,2.57128467,4.48175724,1.11418855,1.88276453,8.7145745,8.79111919,6.53043482,7.69268924,6.46385906,,,,,,,,,,,,,,,,,,,,2.825,0.41691058,0.1697902,2.825,0.41775828,0.18186891,2.825,0.54578403,0,2.825,0.41240573,0.1859508,2.825,0.36089299,2.26,11.86529677,,,,,,,,,,,,,,,,,
,,,,,,,,,,,,,285,1054.817,-69.67349141,-1673.679,-5672.343,-6128.591,-1161.366,-4558.926,-2601.639,-1263.438,-4688.437,-2834.741,-1214.551,-4418.484,-4027.233,-1250.505,,285,2.39027911,3.80719521,3.03135125,5.28190593,1.85310111,3.03872362,2.63423797,4.55204901,1.13341546,1.95047272,8.85728615,8.90795172,6.61300181,7.80114334,6.54013778,,,,,,,,,,,,,,,,,,,,2.875,0.36358072,0.3278719,2.875,0.2642666,0.52679459,2.875,0.33667259,0,2.875,0.31286065,0.3590787,2.875,0.31941218,2.3,4.65407713,,,,,,,,,,,,,,,,,
,,,,,,,,,,,,,290,1055.024,-69.38191976,-1674.094,-5671.215,-6129.835,-1162.982,-4558.718,-2602.054,-1263.956,-4688.581,-2836.193,-1215.749,-4419.008,-4028.916,-1250.684,,290,2.40943937,3.84251749,3.05226994,5.36028358,1.88878638,3.07087282,2.67754002,4.64604906,1.11485806,1.94369324,8.93880044,8.99841632,6.69757981,7.91627978,6.58627632,,,,,,,,,,,,,,,,,,,,2.925,0.35125715,1.10865539,2.925,0.22843462,0,2.925,0.197985,0,2.925,0.26103948,0.17345386,2.925,0.47690518,2.34,4.84219849,,,,,,,,,,,,,,,,,
,,,,,,,,,,,,,295,1055.203,-71.5988821,-1674.94,-5672.367,-6131.113,-1163.034,-4559.541,-2602.576,-1264.316,-4689.154,-2836.881,-1216.222,-4418.504,-4031.257,-1251.193,,295,2.44900488,3.9051738,3.10170661,5.43867801,1.92211999,3.08205121,2.71725072,4.69827748,1.17076681,1.99492511,9.0351693,9.07942742,6.80644551,8.02699127,6.65551205,,,,,,,,,,,,,,,,,,,,2.975,0.31529613,0.61240211,2.975,0.27277869,0.65596781,2.975,0.24606787,0,2.975,0.39842997,0.50301783,2.975,0.18982758,2.38,3.00909026,,,,,,,,,,,,,,,,,
,,,,,,,,,,,,,300,1054.976,-73.31777286,-1675.904,-5672.539,-6132.772,-1163.681,-4560.078,-2602.677,-1264.942,-4689.552,-2837.066,-1216.66,-4419.087,-4033.579,-1251.585,,300,2.46764784,3.94669907,3.10547924,5.49250726,1.92374657,3.14402828,2.81109354,4.79753116,1.18131186,2.04725064,9.12409809,9.19782336,6.88087848,8.14191364,6.71018967,,,,,,,,,,,,,,,,,,,,3.025,0.34014713,0.59232518,3.025,0.16332701,0.79307828,3.025,0.31733441,0,3.025,0.39821348,0.81087825,3.025,0.22294807,2.42,3.23382283,,,,,,,,,,,,,,,,,
,,,,,,,,,,,,,305,1054.681,-73.63553456,-1676.084,-5673.078,-6134.074,-1163.94,-4559.744,-2604.99,-1266.675,-4688.986,-2839.371,-1217.607,-4418.938,-4034.353,-1252.974,,305,2.45232612,3.92062543,3.17451786,5.62930777,1.96394251,3.20063124,2.87231782,4.83788563,1.21604591,2.03034463,9.21664534,9.30302946,6.97506589,8.26285417,6.81109916,,,,,,,,,,,,,,,,,,,,3.075,0.28377208,0.2866098,3.075,0.12158374,0.61399789,3.075,0.23032404,0,3.075,0.28591894,0.47083391,3.075,0.21575683,2.46,0.62590303,,,,,,,,,,,,,,,,,
,,,,,,,,,,,,,310,1055.086,-74.54733961,-1676.936,-5672.978,-6135.246,-1164.567,-4560.342,-2605.534,-1266.97,-4689.102,-2840.701,-1218.629,-4418.698,-4036.08,-1253.325,,310,2.4394086,3.99473853,3.22453184,5.6711578,1.98615337,3.20125826,2.89858981,4.90965687,1.24380324,2.06663715,9.33197267,9.38242067,7.02669454,8.3731372,6.87916331,,,,,,,,,,,,,,,,,,,,3.125,0.15386796,0.83253556,3.125,0.08240699,0.14862689,3.125,0.47080477,0.46925607,3.125,0.26480628,0,3.125,0.28264022,2.5,2.12112176,,,,,,,,,,,,,,,,,
,,,,,,,,,,,,,315,1054.669,-75.98690666,-1677.549,-5672.856,-6137.472,-1165.879,-4560.191,-2605.819,-1267.285,-4689.753,-2841.743,-1219.645,-4417.522,-4035.974,-1254.127,,315,2.47593026,3.99683427,3.3329789,5.79050638,1.99144093,3.21111417,2.96031217,4.99000563,1.26711052,2.15403336,9.4418714,9.50807064,7.11835891,8.51010146,6.97706816,,,,,,,,,,,,,,,,,,,,3.175,0.20229569,0.94094113,3.175,0.11404569,0.71991342,3.175,0.15603193,0.15153101,3.175,0.24487123,0.44164276,3.175,0.22618959,2.54,0.29354888,,,,,,,,,,,,,,,,,
,,,,,,,,,,,,,320,1054.117,-76.02272843,-1676.796,-5672.729,-6138.437,-1166.384,-4560.164,-2607.337,-1268.282,-4690.161,-2842.249,-1220.581,-4417.091,-4036.19,-1255.059,,320,2.44985669,4.02146405,3.3607384,5.85998034,2.00007111,3.24092608,3.00901145,5.0818811,1.31470671,2.16674215,9.55123781,9.60705775,7.19559857,8.62296648,7.09428452,,,,,,,,,,,,,,,,,,,,3.225,0.19607171,0.91199142,3.225,0.15475162,1.11642242,3.225,0.18613087,0.44060667,3.225,0.29384622,0.71342473,3.225,0.18461513,2.58,0,,,,,,,,,,,,,,,,,
,,,,,,,,,,,,,325,1054.222,-76.60700384,-1677.767,-5672.794,-6140.396,-1167.429,-4559.568,-2608.583,-1268.781,-4690.461,-2841.249,-1220.788,-4416.825,-4036.971,-1255.717,,325,2.44230846,4.10838859,3.42370007,5.91944054,2.03905136,3.31897282,3.04727751,5.20164246,1.33397018,2.21258415,9.66671594,9.69455411,7.26478064,8.71753345,7.19912155,,,,,,,,,,,,,,,,,,,,3.275,0.18012373,0.88435746,3.275,0.06431252,1.08259407,3.275,0.19177167,0.28483733,3.275,0.18630855,0.41508449,3.275,0.22377646,2.62,0.8276888,,,,,,,,,,,,,,,,,
,,,,,,,,,,,,,330,1053.805,-76.97018782,-1678.144,-5672.662,-6140.772,-1167.973,-4560.422,-2608.99,-1269.171,-4690.389,-2841.263,-1222.083,-4416.684,-4037.713,-1256.687,,330,2.47317944,4.1514594,3.41333404,5.99618912,2.09577703,3.41247203,3.13002578,5.29440628,1.35215783,2.24003724,9.80625829,9.80231034,7.35474163,8.83273435,7.27055543,,,,,,,,,,,,,,,,,,,,3.325,0.20387185,1.96105308,3.325,0.11438696,1.18156529,3.325,0.19699155,0.55267072,3.325,0.23390855,0.26846323,3.325,0.19538736,2.66,0,,,,,,,,,,,,,,,,,
,,,,,,,,,,,,,335,1054.162,-77.20681189,-1679.295,-5672.974,-6141.174,-1168.923,-4559.566,-2610.737,-1270.361,-4690.235,-2842.648,-1222.24,-4417.415,-4038.375,-1256.537,,335,2.4841649,4.2046482,3.52372753,6.18328168,2.13461704,3.40203634,3.17860472,5.42111485,1.42101485,2.29366842,9.9066022,9.94493223,7.43719811,8.95356277,7.3600727,,,,,,,,,,,,,,,,,,,,3.375,0.18845339,2.73610769,3.375,0.06055794,2.93075178,3.375,0.22306445,0.93872956,3.375,0.26830746,1.17255522,3.375,0.21071233,2.7,0.51957873,,,,,,,,,,,,,,,,,
,,,,,,,,,,,,,340,1053.812,-77.70495099,-1679.606,-5673.6,-6141.481,-1168.912,-4559.274,-2611.906,-1271.158,-4689.137,-2843.479,-1223.375,-4417.494,-4039.17,-1256.834,,340,2.49590729,4.23963947,3.54576777,6.19566714,2.15790914,3.53491898,3.21448579,5.53474682,1.43612903,2.31676778,10.02232755,10.06033145,7.52687559,9.08772285,7.45778073,,,,,,,,,,,,,,,,,,,,3.425,0.11894439,3.11885905,3.425,0.05880276,3.71192412,3.425,0.17534227,0.52086968,3.425,0.23046972,0.75904702,3.425,0.18414464,2.74,0.50451955,,,,,,,,,,,,,,,,,
,,,,,,,,,,,,,345,1053.659,-78.59501346,-1679.872,-5673.571,-6142.704,-1169.807,-4559.78,-2613.768,-1271.916,-4689.6,-2844.95,-1224.419,-4417.571,-4039.907,-1257.804,,345,2.48805057,4.28304432,3.6637804,6.33332667,2.2141801,3.6046071,3.32879207,5.65665101,1.45815193,2.33895165,10.16734193,10.16995447,7.61466823,9.23236501,7.54085797,,,,,,,,,,,,,,,,,,,,3.475,0.15998706,2.91754179,3.475,0.06664326,2.64430941,3.475,0.15029368,1.51796615,3.475,0.20441704,0.61446788,3.475,0.31801552,2.78,0,,,,,,,,,,,,,,,,,
,,,,,,,,,,,,,350,1053.778,-79.77330134,-1680.785,-5673.694,-6145.334,-1170.587,-4560.055,-2615.418,-1272.277,-4689.616,-2846.147,-1224.537,-4418.077,-4040.308,-1258.006,,350,2.45876501,4.36494038,3.71607862,6.46504568,2.25856419,3.72438036,3.33563166,5.73862438,1.47447902,2.36996727,10.28813262,10.29122579,7.69148213,9.3708968,7.64949748,,,,,,,,,,,,,,,,,,,,3.525,0.20730758,3.81683485,3.525,0.08327072,4.90603301,3.525,0.18500976,1.84401176,3.525,0.22703908,1.91091227,3.525,0.3670063,2.82,0.23815042,,,,,,,,,,,,,,,,,
,,,,,,,,,,,,,355,1053.967,-80.14788714,-1681.153,-5674.272,-6146.544,-1171.234,-4560.331,-2615.6,-1272.535,-4689.352,-2846.041,-1225.177,-4417.733,-4039.868,-1258.69,,355,2.4463611,4.39413755,3.7854296,6.59326386,2.31280239,3.78031269,3.4114048,5.89036187,1.51645647,2.41412779,10.39884684,10.39903383,7.78760564,9.53137376,7.77651646,,,,,,,,,,,,,,,,,,,,3.575,0.29392622,5.40719278,3.575,0.0899531,4.88332899,3.575,0.26507296,2.62942908,3.575,0.22993005,1.85783484,3.575,0.28169395,2.86,0.46307112,,,,,,,,,,,,,,,,,
,,,,,,,,,,,,,360,1053.618,-80.8976824,-1681.539,-5673.892,-6146.588,-1172.384,-4560.951,-2617.393,-1272.985,-4689.346,-2847.032,-1226.038,-4418.054,-4040.942,-1258.622,,360,2.44770474,4.49606129,3.82617707,6.71976774,2.30164787,3.82245983,3.53159729,5.9639182,1.50766614,2.45824599,10.5465421,10.50307427,7.88522516,9.68138256,7.89630011,,,,,,,,,,,,,,,,,,,,3.625,0.236867,4.94970344,3.625,0.06999103,5.743639,3.625,0.19335836,2.55739449,3.625,0.21468576,1.91987214,3.625,0.3196396,2.9,0,,,,,,,,,,,,,,,,,
,,,,,,,,,,,,,365,1053.315,-82.04988123,-1682.093,-5673.695,-6147.471,-1172.993,-4560.815,-2618.415,-1273.412,-4689.561,-2846.927,-1226.39,-4418.038,-4041.613,-1258.926,,365,2.42822614,4.55178768,3.86014442,6.79068554,2.36343871,3.80856422,3.59591439,6.06928079,1.56818137,2.48788756,10.7115634,10.61698066,8.0008005,9.82315746,7.99929357,,,,,,,,,,,,,,,,,,,,3.675,0.23841267,3.71228394,3.675,0.07661194,6.44817126,3.675,0.241885,3.28000544,3.675,0.21758729,3.40632905,3.675,0.20437223,2.94,0.43821322,,,,,,,,,,,,,,,,,
,,,,,,,,,,,,,370,1053.397,-82.01014912,-1682.389,-5673.609,-6148.634,-1173.186,-4560.402,-2618.816,-1273.735,-4689.154,-2847.548,-1226.967,-4417.759,-4042.685,-1258.501,,370,2.40123728,4.57445864,3.9623365,7.04577684,2.42464742,3.83375999,3.68528608,6.11858072,1.53605553,2.53256725,10.84673483,10.71805873,8.12402197,9.99283445,8.12120061,,,,,,,,,,,,,,,,,,,,3.725,0.30940717,4.58986204,3.725,0.11599634,8.57751482,3.725,0.23543512,4.51359652,3.725,0.26261379,2.78074115,3.725,0.32000598,2.98,0.63979236,,,,,,,,,,,,,,,,,
,,,,,,,,,,,,,375,1053.293,-83.01497672,-1683.289,-5673.767,-6149.459,-1173.688,-4560.27,-2618.299,-1273.579,-4688.848,-2847.769,-1227.315,-4418.059,-4044.761,-1258.919,,375,2.44058285,4.66455648,4.07940877,7.15219271,2.46477706,3.8726106,3.79647828,6.17748564,1.61576732,2.5913022,10.99528088,10.82887426,8.2427332,10.16103872,8.26013114,,,,,,,,,,,,,,,,,,,,3.775,0.31632862,6.65608145,3.775,0.0887417,8.04625014,3.775,0.19527837,5.57392389,3.775,0.29694577,4.58203821,3.775,0.42948239,3.02,0.20765223,,,,,,,,,,,,,,,,,
,,,,,,,,,,,,,380,1053.452,-83.27443657,-1683.612,-5673.609,-6149.589,-1174.525,-4560.625,-2618.692,-1273.717,-4689.016,-2848.247,-1227.265,-4418.423,-4046.81,-1258.878,,380,2.43246236,4.71527558,4.14282339,7.25607379,2.54452538,3.94459782,3.93202927,6.34784259,1.66741177,2.67499827,11.1182594,10.9360495,8.37275846,10.33418648,8.40828315,,,,,,,,,,,,,,,,,,,,3.825,0.31544878,7.31676113,3.825,0.11786843,10.41662274,3.825,0.22328588,6.05559584,3.825,0.28923333,4.8687611,3.825,0.33630261,3.06,0.40451795,,,,,,,,,,,,,,,,,
,,,,,,,,,,,,,385,1053.377,-84.23063351,-1684.058,-5672.854,-6150.264,-1175.539,-4560.802,-2617.259,-1273.523,-4688.713,-2848.437,-1228.078,-4418.383,-4047.8,-1259.873,,385,2.44425929,4.77129077,4.26842292,7.44127651,2.66024168,3.98043686,3.95680498,6.36395512,1.64264471,2.74500744,11.20194286,11.08846248,8.48796706,10.50180527,8.52134918,,,,,,,,,,,,,,,,,,,,3.875,0.37169213,7.7608602,3.875,0.09953349,8.02297341,3.875,0.21756092,6.30725227,3.875,0.33661535,4.05210517,3.875,0.41559407,3.1,0.39414627,,,,,,,,,,,,,,,,,
,,,,,,,,,,,,,390,1053.094,-85.43794692,-1684.237,-5673.101,-6150.963,-1175.886,-4561.411,-2617.003,-1272.819,-4688.366,-2848.376,-1228.447,-4417.875,-4048.68,-1260.714,,390,2.39114378,4.72597718,4.34808101,7.54888545,2.66942145,4.12427675,4.03317121,6.49157018,1.67541881,2.79478758,11.37378686,11.23378376,8.61909157,10.69818739,8.6683089,,,,,,,,,,,,,,,,,,,,3.925,0.36228271,8.44397398,3.925,0.20149018,11.02319185,3.925,0.27488397,5.55265619,3.925,0.32046382,5.29814433,3.925,0.24927586,3.14,1.72875792,,,,,,,,,,,,,,,,,
,,,,,,,,,,,,,395,1052.993,-86.47732673,-1684.892,-5673.714,-6151.683,-1176.366,-4561.501,-2617.7,-1273.027,-4687.429,-2847.813,-1229.436,-4417.471,-4049.146,-1261.276,,395,2.39136572,4.84344265,4.45722082,7.70777848,2.74036696,4.24540728,4.04753227,6.5149819,1.72638058,2.91373524,11.4791417,11.3442818,8.78573951,10.8497845,8.79317464,,,,,,,,,,,,,,,,,,,,3.975,0.34643331,7.03225659,3.975,0.1819011,10.19646625,3.975,0.30629969,7.54071561,3.975,0.32733134,6.95021147,3.975,0.39494698,3.18,0.93641181,,,,,,,,,,,,,,,,,
,,,,,,,,,,,,,400,1052.764,-87.42632463,-1685.691,-5673.982,-6153.032,-1177.348,-4561.685,-2618.275,-1273.285,-4687.376,-2848.677,-1229.979,-4417.246,-4049.369,-1261.892,,400,2.40171694,4.89638289,4.51938052,7.81567366,2.79663004,4.35322827,4.18614728,6.55962404,1.78961021,3.02721142,11.66162222,11.50665168,8.93945383,11.00968599,8.93802986,,,,,,,,,,,,,,,,,,,,4.025,0.3908806,8.19689874,4.025,0.10644597,10.39267472,4.025,0.33607927,7.73169031,4.025,0.38455053,7.14502149,4.025,0.42223375,3.22,0.73063337,,,,,,,,,,,,,,,,,
,,,,,,,,,,,,,405,1052.982,-88.19642031,-1686.47,-5674.721,-6153.795,-1177.635,-4561.7,-2618.26,-1273.424,-4687.59,-2849.859,-1230.791,-4416.993,-4050.597,-1262.085,,405,2.40413675,4.89897898,4.61457195,7.95570494,2.86146226,4.34601387,4.2299527,6.63799698,1.72275068,3.02409061,11.82157631,11.61337507,9.03744399,11.15462916,9.00950132,,,,,,,,,,,,,,,,,,,,4.075,0.36195686,8.24179006,4.075,0.29770292,10.7510563,4.075,0.36431403,8.64699346,4.075,0.27606976,8.49002994,4.075,0.52756701,3.26,1.06922091,,,,,,,,,,,,,,,,,
,,,,,,,,,,,,,410,1053.055,-89.21586609,-1687.034,-5675.28,-6153.685,-1178.402,-4562.344,-2618.134,-1272.922,-4688.313,-2851.623,-1231.146,-4416.718,-4052.512,-1262.645,,410,2.44760623,4.94401278,4.70278802,8.07652573,2.99677839,4.49657983,4.28696792,6.71979436,1.7096827,3.1391135,11.97011877,11.76411811,9.17817802,11.30257366,9.13607536,,,,,,,,,,,,,,,,,,,,4.125,0.41631319,7.96356677,4.125,0.29728621,10.49200739,4.125,0.29865008,9.51591587,4.125,0.26250965,8.63432243,4.125,0.5360136,3.3,1.21736745,,,,,,,,,,,,,,,,,
,,,,,,,,,,,,,415,1053.114,-89.83775035,-1687.54,-5676.101,-6153.56,-1178.555,-4562.585,-2618.498,-1273.272,-4688.373,-2851.75,-1231.712,-4416.826,-4053.027,-1262.994,,415,2.50175122,5.1134537,4.94012694,8.24917858,3.0896578,4.53485807,4.34472634,6.81841981,1.73049649,3.14767842,12.1896612,11.98778895,9.29685609,11.36132831,9.30624168,,,,,,,,,,,,,,,,,,,,4.175,0.40640145,7.85170677,4.175,0.40892989,9.15969967,4.175,0.40954387,7.44901291,4.175,0.37764591,10.13153157,4.175,0.53702177,3.34,1.52792215,,,,,,,,,,,,,,,,,
,,,,,,,,,,,,,420,1053.366,-91.07485312,-1688.155,-5675.453,-6154.115,-1179.491,-4562.606,-2618.816,-1273.539,-4688.351,-2852.701,-1232.702,-4416.841,-4054.095,-1262.892,,420,2.5214036,5.13398823,5.09323597,8.27643878,3.18471308,4.55918577,4.42100473,6.89907293,1.69338646,3.1912048,12.3529361,12.19194434,9.4121201,11.49952761,9.48786223,,,,,,,,,,,,,,,,,,,,4.225,0.40886495,8.04652229,4.225,0.48947488,9.43205216,4.225,0.46768901,6.41801488,4.225,0.36876053,7.4822171,4.225,0.54455527,3.38,1.82352221,,,,,,,,,,,,,,,,,
,,,,,,,,,,,,,425,1053.201,-91.18509786,-1688.464,-5675.709,-6154.591,-1180.287,-4562.288,-2619.049,-1273.701,-4688.662,-2853.887,-1233.519,-4416.574,-4055.264,-1262.747,,425,2.69265414,5.24695494,5.23569919,8.42883503,3.13628643,4.5965311,4.56448604,6.97384279,1.69001231,3.25683981,12.5589851,12.42484279,9.57314247,11.68311915,9.68441645,,,,,,,,,,,,,,,,,,,,4.275,0.5168148,5.70918853,4.275,0.38373195,7.86257327,4.275,0.45019253,6.60309969,4.275,0.43093574,6.90220776,4.275,0.53189177,3.42,1.78111665,,,,,,,,,,,,,,,,,
,,,,,,,,,,,,,430,1053.102,-91.68087158,-1689.033,-5676.354,-6155.029,-1180.797,-4561.935,-2620.636,-1274.438,-4688.375,-2853.937,-1234.205,-4416.286,-4056.306,-1263.654,,430,2.70466102,5.32479526,5.49832846,8.65715891,3.21778134,4.75050466,4.64335873,7.09551487,1.71733302,3.28862924,12.77044736,12.73983652,9.7786765,11.83587202,9.95036422,,,,,,,,,,,,,,,,,,,,4.325,0.51641032,4.92598064,4.325,0.49168645,7.75942678,4.325,0.41397058,7.83956787,4.325,0.38332547,7.37822983,4.325,0.50041807,3.46,2.05656841,,,,,,,,,,,,,,,,,
,,,,,,,,,,,,,435,1052.796,-92.86376325,-1689.678,-5676.296,-6154.911,-1181.364,-4561.996,-2621.723,-1274.323,-4688.656,-2854.115,-1234.392,-4415.974,-4057.188,-1264.249,,435,2.71442816,5.42005095,5.65454095,8.70418748,3.31262793,4.82748478,4.72905467,7.24679773,1.70353795,3.32154159,13.03168511,12.94467026,9.95066351,12.06403952,10.2336767,,,,,,,,,,,,,,,,,,,,4.375,0.5271042,4.46005851,4.375,0.48051224,7.43142217,4.375,0.43616902,7.10275961,4.375,0.46673208,5.11716458,4.375,0.55801337,3.5,2.78284189,,,,,,,,,,,,,,,,,
,,,,,,,,,,,,,440,1052.453,-93.34233014,-1690.051,-5676.219,-6155.303,-1182.269,-4561.894,-2623.929,-1274.677,-4689.316,-2854.462,-1234.332,-4415.924,-4057.965,-1264.448,,440,2.88907576,5.57316562,5.87522711,8.8078119,3.4740062,5.06807583,4.90011873,7.43608924,1.74744084,3.33757743,13.29363024,13.1417736,10.24868974,12.32937735,10.40075647,,,,,,,,,,,,,,,,,,,,4.425,0.44948183,3.59859541,4.425,0.51668614,4.44761083,4.425,0.48816033,5.85097233,4.425,0.44423774,4.32006196,4.425,0.52095858,3.54,2.87143704,,,,,,,,,,,,,,,,,
,,,,,,,,,,,,,445,1052.729,-93.8250832,-1690.748,-5675.904,-6156.097,-1182.667,-4562.16,-2625.852,-1275.155,-4689.431,-2854.232,-1234.812,-4416.179,-4059.31,-1264.559,,445,2.89197165,5.70551707,5.84296612,8.81644177,3.61138579,5.13127291,5.01029814,7.60790191,1.81462566,3.39917937,13.58998358,13.36968404,10.50501818,12.5253726,10.76958767,,,,,,,,,,,,,,,,,,,,4.475,0.50380992,2.36830862,4.475,0.48224086,3.76894193,4.475,0.50752245,6.40747087,4.475,0.45197564,3.26068143,4.475,0.58129499,3.58,3.25093998,,,,,,,,,,,,,,,,,
,,,,,,,,,,,,,450,1052.915,-95.5807092,-1691.707,-5675.66,-6155.892,-1183.385,-4561.859,-2626.32,-1275.583,-4689.417,-2854.767,-1235.257,-4416.286,-4060.856,-1265.006,,450,3.0744169,6.02304493,6.04915175,8.98986905,3.65720804,5.24296046,5.18471482,7.72108665,1.95864073,3.58979224,13.94564211,13.62095614,10.73584704,12.76659145,11.13571796,,,,,,,,,,,,,,,,,,,,4.525,0.52418897,1.12504057,4.525,0.63447158,2.41014977,4.525,0.43136791,3.5063416,4.525,0.46500577,2.31928801,4.525,0.45716025,3.62,2.6014039,,,,,,,,,,,,,,,,,
,,,,,,,,,,,,,455,1052.908,-96.61382358,-1692.104,-5675.655,-6156.738,-1183.696,-4562.174,-2627.551,-1276.01,-4689.95,-2854.557,-1235.11,-4416.3,-4062.145,-1265.338,,455,3.22656448,6.13376448,6.31863914,9.19969959,3.83024119,5.4087777,5.25177821,7.95924713,2.09427836,3.75186608,14.263514,13.81231205,11.02810968,12.92714907,11.47049631,,,,,,,,,,,,,,,,,,,,4.575,0.62560869,1.4890256,4.575,0.68659211,2.35775729,4.575,0.41621003,3.79502618,4.575,0.35942506,1.91435967,4.575,0.52749306,3.66,3.25175775,,,,,,,,,,,,,,,,,
,,,,,,,,,,,,,460,1052.846,-96.70466306,-1692.318,-5676.495,-6157.558,-1183.867,-4562.767,-2628.753,-1276.177,-4689.627,-2854.901,-1235.63,-4416.67,-4062.807,-1265.526,,460,3.51378011,6.56279364,6.58298479,9.43264818,4.1218624,5.70978527,5.40227752,8.12884428,2.13861323,3.90591322,14.73801182,14.14758311,11.49972138,13.15478868,11.95293397,,,,,,,,,,,,,,,,,,,,4.625,0.49173128,1.52035283,4.625,0.65570341,1.42494562,4.625,0.48079261,4.07047511,4.625,0.46709598,1.38754981,4.625,0.55542181,3.7,4.28855375,,,,,,,,,,,,,,,,,
,,,,,,,,,,,,,465,1052.756,-96.90808311,-1692.747,-5676.786,-6158.137,-1184.304,-4562.883,-2629.585,-1276.554,-4689.279,-2854.706,-1235.857,-4416.649,-4063.804,-1266.381,,465,3.73344039,6.7814502,6.88238108,9.69420674,4.4627423,6.00389309,5.44958305,8.4132467,2.27164951,4.02469359,15.2412146,14.54722466,11.91222672,13.32418694,12.40975033,,,,,,,,,,,,,,,,,,,,4.675,0.52546751,1.05400434,4.675,0.57336931,2.12514862,4.675,0.50931565,3.63441005,4.675,0.46791481,1.96914147,4.675,0.42829467,3.74,2.97873713,,,,,,,,,,,,,,,,,
,,,,,,,,,,,,,470,1053.014,-97.29541339,-1693.351,-5677.04,-6158.208,-1185.316,-4563.31,-2629.72,-1276.648,-4688.843,-2855.616,-1236.603,-4416.589,-4064.844,-1266.655,,470,4.01121347,6.99232225,7.22251432,9.93528751,4.70690837,6.14207923,5.40316534,8.58232358,2.50349068,4.21152574,15.70921039,15.03354456,12.36999921,13.58803408,13.04959984,,,,,,,,,,,,,,,,,,,,4.725,0.50479039,1.0318156,4.725,0.59734554,1.62532056,4.725,0.42814017,2.7368454,4.725,0.45806433,1.66179949,4.725,0.44077973,3.78,7.68771338,,,,,,,,,,,,,,,,,
,,,,,,,,,,,,,475,1053.181,-96.70992753,-1693.997,-5677.578,-6159.258,-1185.742,-4563.448,-2630.364,-1276.678,-4688.91,-2856.098,-1236.745,-4416.077,-4065.011,-1267.211,,475,4.28421265,7.30334754,7.46857266,10.02508054,4.76867828,6.09920858,5.81837848,9.21527611,2.71032777,4.24062425,16.31133328,15.51598909,12.95977383,13.84971168,13.79520592,,,,,,,,,,,,,,,,,,,,4.775,0.42837107,1.24804264,4.775,0.62019706,2.22804534,4.775,0.54657916,2.54583837,4.775,0.54131926,2.21296471,4.775,0.5526549,3.82,7.78712952,,,,,,,,,,,,,,,,,
,,,,,,,,,,,,,480,1052.998,-97.28434621,-1694.72,-5677.981,-6159.188,-1185.807,-4563.372,-2630.757,-1276.735,-4688.748,-2856.402,-1236.937,-4415.69,-4064.951,-1267.396,,480,4.47797726,7.63224455,8.23100991,10.75090113,5.52648438,6.75635917,6.20924215,9.69185653,2.83953501,4.44226603,16.87169059,16.13542553,13.71253975,14.32035083,14.90251581,,,,,,,,,,,,,,,,,,,,4.825,0.47486282,0.87307909,4.825,0.65185458,2.30679978,4.825,0.53530989,2.49334874,4.825,0.52510931,1.848612,4.825,0.48971175,3.86,9.53321987,,,,,,,,,,,,,,,,,
,,,,,,,,,,,,,485,1052.777,-97.38747386,-1694.691,-5678.383,-6158.742,-1185.799,-4563.233,-2631.728,-1277.123,-4688.772,-2857.143,-1237.361,-4415.487,-4066.779,-1268.07,,485,4.9263676,7.93369829,8.96388194,11.43159427,5.60411065,7.20500799,6.86759396,10.19820676,2.94937698,4.73686396,17.60110901,16.89604166,14.69250661,15.11514108,16.12892407,,,,,,,,,,,,,,,,,,,,4.875,0.60065909,0.85526177,4.875,0.60468929,2.01542941,4.875,0.50402109,2.95666919,4.875,0.504501,2.24799709,4.875,0.5049663,3.9,9.71221804,,,,,,,,,,,,,,,,,
,,,,,,,,,,,,,490,1052.61,-98.03545721,-1694.996,-5677.663,-6158.826,-1186.489,-4563.652,-2633.377,-1277.165,-4688.698,-2857.516,-1237.839,-4415.63,-4066.984,-1268.111,,490,5.49312125,8.86084628,10.0465087,12.7325685,6.49907438,8.18253451,7.27212547,10.89901104,3.1273709,4.91783769,18.82697858,18.14876011,16.24254422,15.95853561,17.86939898,,,,,,,,,,,,,,,,,,,,4.925,0.49117499,0.7262531,4.925,0.69674915,2.27391432,4.925,0.55868677,2.51907874,4.925,0.59607899,2.569682,4.925,0.53434654,3.94,10.98002117,,,,,,,,,,,,,,,,,
,,,,,,,,,,,,,495,1052.708,-97.94459268,-1695.355,-5677.749,-6160.287,-1187.031,-4564.388,-2633.707,-1276.78,-4688.747,-2857.611,-1238.117,-4415.443,-4066.592,-1268.924,,495,6.79496757,10.13781177,11.0718574,13.64183008,8.20858932,10.17719467,8.49550942,12.81022041,3.61323348,5.38544832,20.32061726,19.65788492,18.6743228,17.49440165,20.64630892,,,,,,,,,,,,,,,,,,,,4.975,0.55940887,1.6971988,4.975,0.67352464,2.8148685,4.975,0.63550664,2.22182898,4.975,0.60315482,2.63820866,4.975,0.59639052,3.98,12.31471221,,,,,,,,,,,,,,,,,
,,,,,,,,,,,,,500,1052.694,-98.77084661,-1695.686,-5678.211,-6160.621,-1187.241,-4564.612,-2634.774,-1276.795,-4688.337,-2858.03,-1238.58,-4416.04,-4068.003,-1269.051,,,,,,,,,,,,,,,,,,,,,,,,,,,,,,,,,,,,,5.025,0.49732422,1.87824905,5.025,0.58278661,2.93157602,5.025,0.54146363,2.54080612,5.025,0.58655634,1.35175633,5.025,0.43724772,4.02,10.31297167,,,,,,,,,,,,,,,,,
,,,,,,,,,,,,,,,,,,,,,,,,,,,,,,,,,,,,,,,,,,,,,,,,,,,,,,,,,,,,,,,,,5.075,0.51674412,1.63097362,5.075,0.56689605,3.04316047,5.075,0.58722018,2.72822496,5.075,0.51572447,2.07430773,5.075,0.37741995,4.06,11.02992336,,,,,,,,,,,,,,,,,
,,,,,,,,,,,,,,,,,,,,,,,,,,,,,,,,,,,,,,,,,,,,,,,,,,,,,,,,,,,,,,,,,5.125,0.54757432,1.8056672,5.125,0.47710133,2.54198713,5.125,0.52975275,2.6752514,5.125,0.48780946,2.99454592,5.125,0.47974842,4.1,10.25243622,,,,,,,,,,,,,,,,,
,,,,,,,,,,,,,,,,,,,,,,,,,,,,,,,,,,,,,,,,,,,,,,,,,,,,,,,,,,,,,,,,,5.175,0.56910673,1.26495994,5.175,0.50656273,3.08928139,5.175,0.6144427,3.13715917,5.175,0.67155602,2.10574511,5.175,0.49292863,4.14,12.9282173,,,,,,,,,,,,,,,,,
,,,,,,,,,,,,,,,,,,,,,,,,,,,,,,,,,,,,,,,,,,,,,,,,,,,,,,,,,,,,,,,,,5.225,0.56219839,1.48903944,5.225,0.45480284,3.82792387,5.225,0.57171603,2.96549993,5.225,0.60279138,2.2287135,5.225,0.4835398,4.18,12.68197305,,,,,,,,,,,,,,,,,
,,,,,,,,,,,,,,,,,,,,,,,,,,,,,,,,,,,,,,,,,,,,,,,,,,,,,,,,,,,,,,,,,5.275,0.54773391,2.09402144,5.275,0.48753875,4.22516369,5.275,0.52179466,2.90954877,5.275,0.59986714,2.23999682,5.275,0.4485394,4.22,12.44269771,,,,,,,,,,,,,,,,,
,,,,,,,,,,,,,,,,,,,,,,,,,,,,,,,,,,,,,,,,,,,,,,,,,,,,,,,,,,,,,,,,,5.325,0.5829184,2.29382177,5.325,0.44599047,3.48075293,5.325,0.52484282,2.96290841,5.325,0.74203693,1.98878334,5.325,0.55019467,4.26,11.16652984,,,,,,,,,,,,,,,,,
,,,,,,,,,,,,,,,,,,,,,,,,,,,,,,,,,,,,,,,,,,,,,,,,,,,,,,,,,,,,,,,,,5.375,0.53125794,1.87612068,5.375,0.43773163,4.2703705,5.375,0.65751573,4.12413132,5.375,0.61030383,2.46562747,5.375,0.48600556,4.3,12.80344417,,,,,,,,,,,,,,,,,
,,,,,,,,,,,,,,,,,,,,,,,,,,,,,,,,,,,,,,,,,,,,,,,,,,,,,,,,,,,,,,,,,5.425,0.59080195,2.80858857,5.425,0.52735919,3.60020309,5.425,0.64134041,3.58133117,5.425,0.71493305,2.21868889,5.425,0.50155434,4.34,12.26688064,,,,,,,,,,,,,,,,,
,,,,,,,,,,,,,,,,,,,,,,,,,,,,,,,,,,,,,,,,,,,,,,,,,,,,,,,,,,,,,,,,,5.475,0.60870535,2.62190877,5.475,0.43722894,3.19579836,5.475,0.61353436,4.12773402,5.475,0.81957731,2.27736613,5.475,0.56449915,4.38,9.37840985,,,,,,,,,,,,,,,,,
,,,,,,,,,,,,,,,,,,,,,,,,,,,,,,,,,,,,,,,,,,,,,,,,,,,,,,,,,,,,,,,,,5.525,0.59422188,2.70784097,5.525,0.51974087,3.5661568,5.525,0.62229841,3.95327944,5.525,0.72009365,2.72249311,5.525,0.56219108,4.42,6.10730893,,,,,,,,,,,,,,,,,
,,,,,,,,,,,,,,,,,,,,,,,,,,,,,,,,,,,,,,,,,,,,,,,,,,,,,,,,,,,,,,,,,5.575,0.67339737,2.83388062,5.575,0.61403163,3.92277439,5.575,0.61507914,4.47246231,5.575,0.85473343,2.67387847,5.575,0.54056861,4.46,7.42640819,,,,,,,,,,,,,,,,,
,,,,,,,,,,,,,,,,,,,,,,,,,,,,,,,,,,,,,,,,,,,,,,,,,,,,,,,,,,,,,,,,,5.625,0.78359838,3.55460238,5.625,0.6031641,2.4312782,5.625,0.59654506,4.00708109,5.625,0.83589073,2.57965167,5.625,0.49307261,4.5,6.7338192,,,,,,,,,,,,,,,,,
,,,,,,,,,,,,,,,,,,,,,,,,,,,,,,,,,,,,,,,,,,,,,,,,,,,,,,,,,,,,,,,,,5.675,0.77984946,3.40809213,5.675,0.61757097,3.01958293,5.675,0.76641182,2.89329853,5.675,1.02197058,2.76479541,5.675,0.67073876,4.54,5.42118638,,,,,,,,,,,,,,,,,
,,,,,,,,,,,,,,,,,,,,,,,,,,,,,,,,,,,,,,,,,,,,,,,,,,,,,,,,,,,,,,,,,5.725,0.79248506,4.29972268,5.725,0.75766168,3.05563902,5.725,0.71985899,4.4742005,5.725,0.98626553,2.76199179,5.725,0.57485902,4.58,4.06289538,,,,,,,,,,,,,,,,,
,,,,,,,,,,,,,,,,,,,,,,,,,,,,,,,,,,,,,,,,,,,,,,,,,,,,,,,,,,,,,,,,,5.775,0.9139893,4.67252893,5.775,0.62739349,3.52521028,5.775,0.74009938,3.93903385,5.775,1.08557274,3.0703557,5.775,0.66210455,4.62,4.70268671,,,,,,,,,,,,,,,,,
,,,,,,,,,,,,,,,,,,,,,,,,,,,,,,,,,,,,,,,,,,,,,,,,,,,,,,,,,,,,,,,,,5.825,0.89836594,4.23323315,5.825,0.79963683,2.13885911,5.825,0.80589874,3.96174116,5.825,1.06355206,3.14908412,5.825,0.767504,4.66,3.22688929,,,,,,,,,,,,,,,,,
,,,,,,,,,,,,,,,,,,,,,,,,,,,,,,,,,,,,,,,,,,,,,,,,,,,,,,,,,,,,,,,,,5.875,0.92667482,4.51481881,5.875,0.89600252,3.1539122,5.875,0.76419589,4.07162166,5.875,1.08979929,3.18170307,5.875,0.65366454,4.7,4.71542883,,,,,,,,,,,,,,,,,
,,,,,,,,,,,,,,,,,,,,,,,,,,,,,,,,,,,,,,,,,,,,,,,,,,,,,,,,,,,,,,,,,5.925,0.91721559,4.13014539,5.925,0.91369286,2.60476149,5.925,0.86853599,4.00319267,5.925,1.1652386,4.01597139,5.925,0.71446744,4.74,4.38329727,,,,,,,,,,,,,,,,,
,,,,,,,,,,,,,,,,,,,,,,,,,,,,,,,,,,,,,,,,,,,,,,,,,,,,,,,,,,,,,,,,,5.975,0.94401905,4.82043483,5.975,0.88880408,2.15478635,5.975,0.75238683,3.59417223,5.975,1.06350387,4.11531546,5.975,0.66894462,4.78,4.1444654,,,,,,,,,,,,,,,,,
,,,,,,,,,,,,,,,,,,,,,,,,,,,,,,,,,,,,,,,,,,,,,,,,,,,,,,,,,,,,,,,,,6.025,1.07329595,4.21815658,6.025,0.94695623,2.95884234,6.025,0.85660991,4.37637669,6.025,1.11716521,3.27054164,6.025,0.74053718,4.82,3.91292488,,,,,,,,,,,,,,,,,
,,,,,,,,,,,,,,,,,,,,,,,,,,,,,,,,,,,,,,,,,,,,,,,,,,,,,,,,,,,,,,,,,6.075,1.04115999,5.17708082,6.075,0.9625843,2.12376003,6.075,0.73765632,3.51821083,6.075,1.07974098,4.10158245,6.075,0.76416702,4.86,3.12713377,,,,,,,,,,,,,,,,,
,,,,,,,,,,,,,,,,,,,,,,,,,,,,,,,,,,,,,,,,,,,,,,,,,,,,,,,,,,,,,,,,,6.125,0.96128937,4.33438512,6.125,0.93467484,2.32136457,6.125,0.97077473,3.33885229,6.125,1.13425023,4.90516226,6.125,0.81252094,4.9,4.49611205,,,,,,,,,,,,,,,,,
,,,,,,,,,,,,,,,,,,,,,,,,,,,,,,,,,,,,,,,,,,,,,,,,,,,,,,,,,,,,,,,,,6.175,1.00771145,3.44711908,6.175,0.92864502,2.96910123,6.175,0.96463686,3.12475706,6.175,1.26392838,3.93089432,6.175,0.81200528,4.94,4.65641652,,,,,,,,,,,,,,,,,
,,,,,,,,,,,,,,,,,,,,,,,,,,,,,,,,,,,,,,,,,,,,,,,,,,,,,,,,,,,,,,,,,6.225,0.98327901,4.26618449,6.225,0.83071547,3.33361668,6.225,0.91173446,3.50838231,6.225,1.07383392,4.86372449,6.225,0.82069213,4.98,3.9709934,,,,,,,,,,,,,,,,,
,,,,,,,,,,,,,,,,,,,,,,,,,,,,,,,,,,,,,,,,,,,,,,,,,,,,,,,,,,,,,,,,,6.275,1.05217265,4.30170975,6.275,0.89052352,2.54346656,6.275,0.94028224,4.15099272,6.275,1.24486197,4.56038915,6.275,0.85947806,5.02,5.18556641,,,,,,,,,,,,,,,,,
,,,,,,,,,,,,,,,,,,,,,,,,,,,,,,,,,,,,,,,,,,,,,,,,,,,,,,,,,,,,,,,,,6.325,1.07852991,4.67430034,6.325,0.98282931,3.19275836,6.325,1.05854978,3.43650626,6.325,1.09303614,5.04500822,6.325,0.84294345,5.06,4.66008777,,,,,,,,,,,,,,,,,
,,,,,,,,,,,,,,,,,,,,,,,,,,,,,,,,,,,,,,,,,,,,,,,,,,,,,,,,,,,,,,,,,6.375,0.98773049,3.40093566,6.375,0.91089555,3.5357316,6.375,0.92887774,2.85659676,6.375,1.09331196,3.50553994,6.375,0.74413782,5.1,4.80571707,,,,,,,,,,,,,,,,,
,,,,,,,,,,,,,,,,,,,,,,,,,,,,,,,,,,,,,,,,,,,,,,,,,,,,,,,,,,,,,,,,,6.425,1.01141783,3.21690672,6.425,0.99146378,3.05898605,6.425,0.90861479,2.77530526,6.425,1.21304259,4.31398948,6.425,0.7616725,5.14,5.59143158,,,,,,,,,,,,,,,,,
,,,,,,,,,,,,,,,,,,,,,,,,,,,,,,,,,,,,,,,,,,,,,,,,,,,,,,,,,,,,,,,,,6.475,1.01889828,2.65028756,6.475,0.94878915,3.11578517,6.475,0.94081116,2.55043517,6.475,1.13269913,3.71666901,6.475,0.7757165,5.18,4.16434955,,,,,,,,,,,,,,,,,
,,,,,,,,,,,,,,,,,,,,,,,,,,,,,,,,,,,,,,,,,,,,,,,,,,,,,,,,,,,,,,,,,6.525,0.97309134,2.73713453,6.525,0.98020921,3.13639946,6.525,0.97475962,2.72676924,6.525,1.02429642,3.34621905,6.525,0.84279796,5.22,4.65680994,,,,,,,,,,,,,,,,,
,,,,,,,,,,,,,,,,,,,,,,,,,,,,,,,,,,,,,,,,,,,,,,,,,,,,,,,,,,,,,,,,,6.575,1.08993444,2.50759404,6.575,0.9307858,2.65240711,6.575,1.00757053,2.08476139,6.575,1.06315859,3.26119141,6.575,0.89110087,5.26,4.99696285,,,,,,,,,,,,,,,,,
,,,,,,,,,,,,,,,,,,,,,,,,,,,,,,,,,,,,,,,,,,,,,,,,,,,,,,,,,,,,,,,,,6.625,1.04175414,1.94503567,6.625,0.96131905,2.21568326,6.625,0.90144761,1.42694746,6.625,1.09537894,2.36684874,6.625,0.80387578,5.3,6.00057748,,,,,,,,,,,,,,,,,
,,,,,,,,,,,,,,,,,,,,,,,,,,,,,,,,,,,,,,,,,,,,,,,,,,,,,,,,,,,,,,,,,6.675,0.98284505,1.33816281,6.675,0.99083643,2.4432246,6.675,0.85812208,1.16566109,6.675,1.02362777,2.39813825,6.675,0.88614904,5.34,5.04761113,,,,,,,,,,,,,,,,,
,,,,,,,,,,,,,,,,,,,,,,,,,,,,,,,,,,,,,,,,,,,,,,,,,,,,,,,,,,,,,,,,,6.725,0.97777764,1.37826302,6.725,0.90497948,1.9577172,6.725,0.87216286,0.84440614,6.725,1.02665712,2.03447053,6.725,0.78280011,5.38,5.4962892,,,,,,,,,,,,,,,,,
,,,,,,,,,,,,,,,,,,,,,,,,,,,,,,,,,,,,,,,,,,,,,,,,,,,,,,,,,,,,,,,,,6.775,0.92130858,1.00373529,6.775,0.96931673,1.86568423,6.775,0.82243311,0.86526817,6.775,1.00899858,1.77823196,6.775,0.84449561,5.42,5.80228166,,,,,,,,,,,,,,,,,
,,,,,,,,,,,,,,,,,,,,,,,,,,,,,,,,,,,,,,,,,,,,,,,,,,,,,,,,,,,,,,,,,6.825,0.896338,0.63999455,6.825,0.99959271,2.02540931,6.825,0.8909502,0.7870493,6.825,0.95136901,1.84785135,6.825,0.85535475,5.46,4.89170591,,,,,,,,,,,,,,,,,
,,,,,,,,,,,,,,,,,,,,,,,,,,,,,,,,,,,,,,,,,,,,,,,,,,,,,,,,,,,,,,,,,6.875,0.93557662,0.45870504,6.875,0.96321487,2.05747318,6.875,0.93435542,1.0018722,6.875,1.03457247,1.47569576,6.875,0.91912948,5.5,5.00863675,,,,,,,,,,,,,,,,,
,,,,,,,,,,,,,,,,,,,,,,,,,,,,,,,,,,,,,,,,,,,,,,,,,,,,,,,,,,,,,,,,,6.925,0.94225861,0.36733538,6.925,0.903806,1.51333565,6.925,0.92848083,0.70077595,6.925,0.99027275,1.98054549,6.925,0.86586483,5.54,4.99827843,,,,,,,,,,,,,,,,,
,,,,,,,,,,,,,,,,,,,,,,,,,,,,,,,,,,,,,,,,,,,,,,,,,,,,,,,,,,,,,,,,,6.975,0.96630291,0.44564655,6.975,1.10121203,1.70055731,6.975,1.02464517,0.59656981,6.975,0.98095854,1.55570119,6.975,0.90776405,5.58,4.7443988,,,,,,,,,,,,,,,,,
,,,,,,,,,,,,,,,,,,,,,,,,,,,,,,,,,,,,,,,,,,,,,,,,,,,,,,,,,,,,,,,,,,,,,,,,,,,,,,,5.62,6.89572951,,,,,,,,,,,,,,,,,
,,,,,,,,,,,,,,,,,,,,,,,,,,,,,,,,,,,,,,,,,,,,,,,,,,,,,,,,,,,,,,,,,,,,,,,,,,,,,,,5.66,6.44389819,,,,,,,,,,,,,,,,,
,,,,,,,,,,,,,,,,,,,,,,,,,,,,,,,,,,,,,,,,,,,,,,,,,,,,,,,,,,,,,,,,,,,,,,,,,,,,,,,5.7,5.88744309,,,,,,,,,,,,,,,,,
,,,,,,,,,,,,,,,,,,,,,,,,,,,,,,,,,,,,,,,,,,,,,,,,,,,,,,,,,,,,,,,,,,,,,,,,,,,,,,,5.74,5.8631563,,,,,,,,,,,,,,,,,
,,,,,,,,,,,,,,,,,,,,,,,,,,,,,,,,,,,,,,,,,,,,,,,,,,,,,,,,,,,,,,,,,,,,,,,,,,,,,,,5.78,4.70519389,,,,,,,,,,,,,,,,,
,,,,,,,,,,,,,,,,,,,,,,,,,,,,,,,,,,,,,,,,,,,,,,,,,,,,,,,,,,,,,,,,,,,,,,,,,,,,,,,5.82,4.80847779,,,,,,,,,,,,,,,,,
,,,,,,,,,,,,,,,,,,,,,,,,,,,,,,,,,,,,,,,,,,,,,,,,,,,,,,,,,,,,,,,,,,,,,,,,,,,,,,,5.86,5.07396832,,,,,,,,,,,,,,,,,
,,,,,,,,,,,,,,,,,,,,,,,,,,,,,,,,,,,,,,,,,,,,,,,,,,,,,,,,,,,,,,,,,,,,,,,,,,,,,,,5.9,4.18930404,,,,,,,,,,,,,,,,,
,,,,,,,,,,,,,,,,,,,,,,,,,,,,,,,,,,,,,,,,,,,,,,,,,,,,,,,,,,,,,,,,,,,,,,,,,,,,,,,5.94,4.77718783,,,,,,,,,,,,,,,,,
,,,,,,,,,,,,,,,,,,,,,,,,,,,,,,,,,,,,,,,,,,,,,,,,,,,,,,,,,,,,,,,,,,,,,,,,,,,,,,,5.98,4.50165057,,,,,,,,,,,,,,,,,
,,,,,,,,,,,,,,,,,,,,,,,,,,,,,,,,,,,,,,,,,,,,,,,,,,,,,,,,,,,,,,,,,,,,,,,,,,,,,,,6.02,4.96461834,,,,,,,,,,,,,,,,,
,,,,,,,,,,,,,,,,,,,,,,,,,,,,,,,,,,,,,,,,,,,,,,,,,,,,,,,,,,,,,,,,,,,,,,,,,,,,,,,6.06,4.64143771,,,,,,,,,,,,,,,,,
,,,,,,,,,,,,,,,,,,,,,,,,,,,,,,,,,,,,,,,,,,,,,,,,,,,,,,,,,,,,,,,,,,,,,,,,,,,,,,,6.1,3.91909996,,,,,,,,,,,,,,,,,
,,,,,,,,,,,,,,,,,,,,,,,,,,,,,,,,,,,,,,,,,,,,,,,,,,,,,,,,,,,,,,,,,,,,,,,,,,,,,,,6.14,3.81796687,,,,,,,,,,,,,,,,,
,,,,,,,,,,,,,,,,,,,,,,,,,,,,,,,,,,,,,,,,,,,,,,,,,,,,,,,,,,,,,,,,,,,,,,,,,,,,,,,6.18,3.86787988,,,,,,,,,,,,,,,,,
,,,,,,,,,,,,,,,,,,,,,,,,,,,,,,,,,,,,,,,,,,,,,,,,,,,,,,,,,,,,,,,,,,,,,,,,,,,,,,,6.22,3.81829236,,,,,,,,,,,,,,,,,
,,,,,,,,,,,,,,,,,,,,,,,,,,,,,,,,,,,,,,,,,,,,,,,,,,,,,,,,,,,,,,,,,,,,,,,,,,,,,,,6.26,3.62466573,,,,,,,,,,,,,,,,,
,,,,,,,,,,,,,,,,,,,,,,,,,,,,,,,,,,,,,,,,,,,,,,,,,,,,,,,,,,,,,,,,,,,,,,,,,,,,,,,6.3,3.67421875,,,,,,,,,,,,,,,,,
,,,,,,,,,,,,,,,,,,,,,,,,,,,,,,,,,,,,,,,,,,,,,,,,,,,,,,,,,,,,,,,,,,,,,,,,,,,,,,,6.34,3.15683359,,,,,,,,,,,,,,,,,
,,,,,,,,,,,,,,,,,,,,,,,,,,,,,,,,,,,,,,,,,,,,,,,,,,,,,,,,,,,,,,,,,,,,,,,,,,,,,,,6.38,3.39654148,,,,,,,,,,,,,,,,,
,,,,,,,,,,,,,,,,,,,,,,,,,,,,,,,,,,,,,,,,,,,,,,,,,,,,,,,,,,,,,,,,,,,,,,,,,,,,,,,6.42,2.66509917,,,,,,,,,,,,,,,,,
,,,,,,,,,,,,,,,,,,,,,,,,,,,,,,,,,,,,,,,,,,,,,,,,,,,,,,,,,,,,,,,,,,,,,,,,,,,,,,,6.46,3.22217235,,,,,,,,,,,,,,,,,
,,,,,,,,,,,,,,,,,,,,,,,,,,,,,,,,,,,,,,,,,,,,,,,,,,,,,,,,,,,,,,,,,,,,,,,,,,,,,,,6.5,2.59990064,,,,,,,,,,,,,,,,,
,,,,,,,,,,,,,,,,,,,,,,,,,,,,,,,,,,,,,,,,,,,,,,,,,,,,,,,,,,,,,,,,,,,,,,,,,,,,,,,6.54,2.39107804,,,,,,,,,,,,,,,,,
,,,,,,,,,,,,,,,,,,,,,,,,,,,,,,,,,,,,,,,,,,,,,,,,,,,,,,,,,,,,,,,,,,,,,,,,,,,,,,,6.58,2.62455071,,,,,,,,,,,,,,,,,
,,,,,,,,,,,,,,,,,,,,,,,,,,,,,,,,,,,,,,,,,,,,,,,,,,,,,,,,,,,,,,,,,,,,,,,,,,,,,,,6.62,1.901482,,,,,,,,,,,,,,,,,
,,,,,,,,,,,,,,,,,,,,,,,,,,,,,,,,,,,,,,,,,,,,,,,,,,,,,,,,,,,,,,,,,,,,,,,,,,,,,,,6.66,2.3910855,,,,,,,,,,,,,,,,,
,,,,,,,,,,,,,,,,,,,,,,,,,,,,,,,,,,,,,,,,,,,,,,,,,,,,,,,,,,,,,,,,,,,,,,,,,,,,,,,6.7,2.7423274,,,,,,,,,,,,,,,,,
,,,,,,,,,,,,,,,,,,,,,,,,,,,,,,,,,,,,,,,,,,,,,,,,,,,,,,,,,,,,,,,,,,,,,,,,,,,,,,,6.74,2.12620899,,,,,,,,,,,,,,,,,
,,,,,,,,,,,,,,,,,,,,,,,,,,,,,,,,,,,,,,,,,,,,,,,,,,,,,,,,,,,,,,,,,,,,,,,,,,,,,,,6.78,1.85399564,,,,,,,,,,,,,,,,,
,,,,,,,,,,,,,,,,,,,,,,,,,,,,,,,,,,,,,,,,,,,,,,,,,,,,,,,,,,,,,,,,,,,,,,,,,,,,,,,6.82,1.87302977,,,,,,,,,,,,,,,,,
,,,,,,,,,,,,,,,,,,,,,,,,,,,,,,,,,,,,,,,,,,,,,,,,,,,,,,,,,,,,,,,,,,,,,,,,,,,,,,,6.86,2.29394096,,,,,,,,,,,,,,,,,
,,,,,,,,,,,,,,,,,,,,,,,,,,,,,,,,,,,,,,,,,,,,,,,,,,,,,,,,,,,,,,,,,,,,,,,,,,,,,,,6.9,2.38675969,,,,,,,,,,,,,,,,,
,,,,,,,,,,,,,,,,,,,,,,,,,,,,,,,,,,,,,,,,,,,,,,,,,,,,,,,,,,,,,,,,,,,,,,,,,,,,,,,6.94,2.39864808,,,,,,,,,,,,,,,,,
,,,,,,,,,,,,,,,,,,,,,,,,,,,,,,,,,,,,,,,,,,,,,,,,,,,,,,,,,,,,,,,,,,,,,,,,,,,,,,,6.98,2.37123525,,,,,,,,,,,,,,,,,
