,Average loading N,Average Isosteric heats/kcal/mol,Average total energy/kcal/mol,M(g/mol),M_A(g/mol),Absolute uptake (mg/g),,,,,,,,比表面积,,,,,,,,,,,,,,,,,,,,,,
Cu-CuBTC,12.612,8.0848,-1121.108,10445.9,280.133,338.22240266516,,,,,,,,,,,,,,,,,,,,,,,,,,,,,,
Al-CuBTC,12.804,7.3504,-1040.828,9568.37,280.133,374.862482533598,,,,,,,,,,,,,,,,,,,,,,,,,,,,,,
Ni-CuBTC,9.916,7.8634,-874.703,10329.8,280.133,268.911191697806,,,,,,,,,,,,,,,,,,,,,,,,,,,,,,
Mg-CuBTC,8.036,10.0289,-881.244,9504.12,280.133,236.860307740222,,,,,,,,,,,,,,,,,,,,,,,,,,,,,,
F,10.111,8.082,-908.598,11021.6,280.133,256.988528253611,,,,,,,,,,,,,,,,,,,,,,,,,,,,,,
Cl,9.832,8.2782,-908.943,11548.1,280.133,238.50396653995,,,,,,,,,,,,,,,,,,,,,,,,,,,,,,
Br,8.444,8.3172,-787.512,12970.6,280.133,182.369593696514,,,,,,,,,,,,,,,,,,,,,,,,,,,,,,
NH2,12.503,8.1513,-1110.283,10926.4,280.133,320.554153151999,,,,,,,,,,,,,,,,,,,,,,,,,,,,,,
SH,11.745,8.1283,-1068.385,11471.8,280.133,286.804345002528,,,,,,,,,,,,,,,,,,,,,,,,,,,,,,
,,,,,,,,,,,,,,,,,,,,,,,,,,,,,,,,,,,,
mg/g=N*M_A/M;N为吸附分子数，M为单个晶胞的摩尔质量（g/mol），M_A为吸附质的摩尔质量,,,,,,,,,,,,,,,,,,,,,,,,,,,,,,,,,,,,
,,,,,,,,,,,,,,,,,,,,,,,,,,,,,,,,,,,,
,,,,,,,,,,,,,,,,,,,,,,,,,,,,,,,,,,,,
,,,,,,,,,,,,,,,,,,,,,,,,,,,,,,,,,,,,
,,,,,,,,,,,,,,,,,,,,,,,,,,,,,,,,,,,,
,,,C,H,O,Cu,Al,Mg,Ni,F,Cl,Br,N,S,Molecular weight (g/mol),,,,,,,,,,,,,,,,,,,,,
,bimetallic metal-organic framework,Ni-Cu-BTC,288,96,240,24,,,24,,,,,,10329.8,,,,,,,,,,,,,,,,,,,,,
,,Mg-Cu-BTC,288,96,240,24,,24,,,,,,,9504.12,,,,,,,,,,,,,,,,,,,,,
,,Al-Cu-BTC,288,96,240,24,24,,,,,,,,9568.37,,,,,,,,,,,,,,,,,,,,,
,Based,Cu-BTC,288,96,240,48,,,,,,,,,10445.9,,,,,,,,,,,,,,,,,,,,,
,functionalized organic linker parts,F-CuBTC,288,64,240,48,,,,32,,,,,11021.6,,,,,,,,,C,H,O,Cu,Al,Mg,Ni,F,Cl,Br,N,S,Molecular weight (g/mol)
,,Cl-CuBTC,288,64,240,48,,,,,32,,,,11548.1,,,,,,,bimetallic metal-organic framework,Ni-Cu-BTC,288,96,240,24,,,24,,,,,,10329.8
,,Br-CuBTC,288,64,240,48,,,,,,32,,,14879.7,,,,,,,,Mg-Cu-BTC,288,96,240,24,,24,,,,,,,9504.12
,,NH2-CuBTC,288,128,240,48,,,,,,,32,,10926.4,,,,,,,,Al-Cu-BTC,288,96,240,24,24,,,,,,,,9568.37
,,SH-CuBTC,288,96,240,48,,,,,,,,32,11471.8,,,,,,,Based,Cu-BTC,288,96,240,48,,,,,,,,,10445.9
,,,,,,,,,,,,,,,,,,,,,,functionalized organic linker parts,F-CuBTC,288,64,240,48,,,,32,,,,,11021.6
,,,,,,,,,,,,,,,,,,,,,,,Cl-CuBTC,288,64,240,48,,,,,32,,,,11548.1
,,,,,,,,,,,,,,,,,,,,,,,Br-CuBTC,288,64,240,48,,,,,,32,,,14879.7
,,,,,,,,,,,,,,,,,,,,,,,NH2-CuBTC,288,128,240,48,,,,,,,32,,10926.4
,,,,,,,,,,,,,,,,,,,,,,,SH-CuBTC,288,96,240,48,,,,,,,,32,11471.8
