x_of CuBTC,total,up,down,Eint,,,Br,151.04899733,Ni,146.876966,,146.876966,Ni,,,,151.04899733
Cu,1055.466118,-20.60646,1222.852035,-146.77945799,146.77945799,,CHO,152.37074491,Mg,272.71778722,,146.94564488,Co,,,,148.80402967
Ni,1100.793249,-20.588283,1268.258498,-146.876966,146.876966,,Cl,148.80402967,Fe,146.96560982,,146.96560982,Fe,,,,146.52272294
Al,,,,-188.033,188.033,,F,146.52272294,Co,146.94564488,,188.033,Al,,,,152.37074491
Co,,,,-146.94564488,146.94564488,,NH2,147.87857708,Al,188.033,,272.71778722,Mg,,,,147.87857708
Fe,,,,-146.96560982,146.96560982,,SH,148.82040777,,,,146.77945799,Cu,,,,148.82040777
Mg,,,,-272.71778722,272.71778722,,,,,,,152.37074491,CHO,,,,
Br,,,,-151.04899733,151.04899733,,,,,,,151.04899733,Br,,,,
Cl,,,,-148.80402967,148.80402967,,,,,,,148.82040777,SH,,,,
F,,,,-146.52272294,146.52272294,,,,,,,148.80402967,Cl,,,,
CHO,,,,-152.37074491,152.37074491,,,,,,,147.87857708,NH2,,,,
NH2,,,,-147.87857708,147.87857708,,,,,,,146.52272294,F,,,,
SH,,,,-148.82040777,148.82040777,,,,,,,,,,,,
,,,,,0,,,,,,,,,,,,
,-2.450865,,,,,,,,,,,,,,,,
,,,,,,,,,,,,,,,,,
,-329.737597,20.509287,-160.416392,-189.830492,,,,,,,,,,,,,
,-2021.264342,140.448059,-1674.16809,-487.544311,,,,,,,,,,,,,
,-298.617789,-21.987584,-144.834911,-131.795294,,,,,,,,,,,,,
,-5463.027271,-1827.737458,-3635.25,-0.0398129999998673,-24.9830556299167,,,,,,,,,,,,
,-5461.551942,-1827.686414,-3633.82861,-0.0369180000002416,-23.1664141801516,,,,,,,,,,,,
,1070.702198,-20.60646,1232.243471,-140.934813,-88438.00450563,,,,,,,,,,,,
,,,,0,0,,,,,,,,,,,,
,,,,0,0,,,,,,,,,,,,
x_of CuBTC,,,,0,0,,,,,,,,,,,,
Cu,-5461.551942,-1827.686414,-3633.828619,-0.036909000000378,-23.1607665902372,,,,,,,,,,,,
Ni,,,,0,0,,,,,,,,,,,,
Al,,,,0,0,,,,,,,,,,,,
Co,,,,0,0,,,,,,,,,,,,
Fe,,,,0,0,,,,,,,,,,,,
Mg,-5440.7058211,-1827.7342945,-3612.8771114,-0.094415200000185,-59.2464821521161,,,,,,,,,,,,
Br,,,,,,,,,,,,,,,,,
Cl,,,,,,,,,,,,,,,,,
F,,,,,,,,,,,,,,,,,
CHO,,,,,,,,,,,,,,,,,
NH2,,,,,,,,,,,,,,,,,
SH,,,,,,,,,,,,,,,,,
